;;;;;Pregunta 1;;;;;;;;;;;;;;;;;;Pregunta 2;;;;;Pregunta 3;Pregunta 4;;;Pregunta 5;;;;;;;;;;;;;;;;;;;;;;;;;;;;;;;;;;;;Pregunta 6;;;;;;Pregunta 7;;;;;;;;;;;;;;;;;;Pregunta 8;;;;;;;;;;;;;;;;;;Pregunta 9;;;;;;
Numero;Escuela;Edad;Género;Año cursa;Cocaína1;Marihuana1;Tabaco1;Popper1;Crack1;Alcohol1;Anfe metanfetaminas1;Alucinógenos1;Morfina1;Pasta base1;Energizantes1;Éxtasis1;Solventes1;Anabólicos1;Psicotrópicos1;Ketamina1;Otra ilícita1;Otra1;Salud;Económicos;Legales;FATE;Otros;Conocimiento;Familia;Escuela2;Otros3;Cocaína5;Edad cocaína;Marihuana5;Edad Marihuana;Tabaco5;Edad tabaco;Popper5;Edad Popper;Crack5;Edad Krack;Alcohol5;Edad alcohol;Anfe metanfetaminas5;Edad anfetaminas;Alucinógenos5;Edad alucinógenos;Morfina5;Edad morfina;Pasta base5;Edad pasta base;Energizantes5;Edad energizantes;Éxtasis5;Edad éxtasis;Solventes5;Edad solventes;Anabólicos5;Edad anabólicos;Psicotrópicos5;Edad psicot;Ketamina5;Edad ketamina;Otra ilícit5;Edad otra il;Otra5;Edad otra;Sentirse bien;Evadir;rend físico;presión;Curiosidad;Otros4;Cocaína7;Marihuana7;Tabaco7;Popper7;Crack7;Alcohol7;Anfe metanfetaminas7;Alucinógenos7;Morfina7;Pasta base7;Energizantes7;Éxtasis7;Solventes7;Anabólicos7;Psicotrópicos7;Ketamina7;Otra ilícita7;Otra7;Cocaína8;Marihuana8;Tabaco8;Popper8;Crack8;Alcohol8;Anfe metanfetaminas8;Alucinógenos8;Morfina8;Pasta base8;Energizantes8;Éxtasis8;Solventes8;Anabólicos8;Psicotrópicos8;Ketamina8;Otra ilícita8;Otra8;Todas las semanas;Cuales1;Una vez por semana;Cuales2;Mas de una por semana;Cuales3;Aclaraciones
1;1;14;F;2;SI;SI;SI;NO SE;NO SE;NO;NO SE;NO;NO;NO SE;NO;SI;NO;SI;NO SE;NO SE;;;SI;SI;NO SE;;;I;SI;;;0;;0;;0;;0;;0;;1;13;0;;0;;0;;0;;1;13;0;;0;;0;;0;;0;;;;;;;;;;1;;0;0;0;0;0;1;0;0;0;0;1;0;0;0;0;0;;;0;0;0;0;0;1;0;0;0;0;0;0;0;0;0;0;;;;;SI;6;;;
2;1;15;F;2;SI;SI;SI;NO SE;NO SE;SI;NO SE;SI;NO SE;SI;NO;NO SE;SI;SI;NO SE;SI;;;SI;SI;NO;SI;Escuela, club;I;SI;SI;Con un profesional;0;;0;;0;;0;;0;;1;14;0;;0;;0;;0;;1;14;0;;0;;0;;0;;0;;;;;;;;;;1;Porque todos lo hacen pero no por presión;0;0;0;0;0;1;0;0;0;0;1;0;0;0;0;0;;;0;0;0;0;0;1;0;0;0;0;1;0;0;0;0;0;;;;;SI;6;;;
3;1;14;M;2;SI;SI;SI;NO SE;SI;SI;SI;SI;SI;SI;NO;SI;SI;SI;NO SE;NO SE;;;SI;SI;SI;SI;Deportes, pareja;S;SI;;;0;;0;;0;;0;;0;;1;11-12;0;;0;;0;;0;;1;13;0;;0;;0;;0;;0;;;;;;;;;;1;;0;0;0;0;0;1;0;0;0;0;1;0;0;0;0;0;;;0;0;0;0;0;0;0;0;0;0;0;0;0;0;0;0;;;;;;;;;
4;1;16;F;2;SI;SI;SI;NO SE;SI;SI;;SI;;SI;SI;SI;NO SE;NO SE;NO SE;NO SE;;;SI;;;SI;;I;SI;SI;;0;;0;;1;15;0;;0;;1;15;0;;0;;0;;0;;1;14;0;;0;;0;;0;;0;;;;;;;;;;1;;0;0;0;0;0;1;0;0;0;0;1;0;0;0;0;0;;;0;0;0;0;0;1;0;0;0;0;0;0;0;0;0;0;;;;;SI;6;;;
5;1;14;M;2;SI;SI;SI;SI;SI;SI;SI;SI;SI;SI;SI;SI;SI;SI;SI;SI;;;SI;SI;NO SE;SI;;S;;SI;;;;;;;;;;;;;;;;;;;;;;;;;;;;;;;;;;;;;;;;;;;;;;;;;;;;;;;;;;;;;;;;;;;;;;;;;;;;;;;;;;;;;;
6;1;y;F;2;SI;SI;SI;NO SE;NO SE;SI;SI;SI;SI;;NO;SI;SI;SI;NO SE ;NO SE;;;SI;NO SE;NO SE;SI;;I;SI;SI;;0;;0;;0;;0;;0;;1;13-14;0;;0;;0;;0;;1;13;0;;0;;0;;0;;0;;;;;;;;;;;;0;0;0;0;0;1;0;0;0;0;0;0;0;0;0;0;;;0;0;0;0;0;1;0;0;0;0;0;0;0;0;0;0;;;;;SI;6;;;
7;1;14;F;2;SI;SI;SI;NO SE;NO SE;SI;NO SE;NO SE;SI;SI;SI;SI;SI;NO SE;NO SE;NO SE;;;SI;NO SE;SI;SI;;S;SI;SI;;;;;;;;;;;;;;;;;;;;;;;;;;;;;;;;;;;;;;;;;;;;;;;;;;;;;;;;;;;;;;;;;;;;;;;;;;;;;;;;;;;;;;
8;1;14;F;2;SI;SI;SI;NO SE;NO SE;SI;NO SE;NO SE;SI;SI;NO;NO SE;NO SE;NO SE;NO SE;SI;;;SI;SI;SI;SI;;I;SI;;;;;;;;;;;;;;;;;;;;;;;;;;;;;;;;;;;;;;;;;;;;;;;;;;;;;;;;;;;;;;;;;;;;;;;;;;;;;;;;;;;;;;;
9;1;15;F;2;SI;;NO SE;NO SE;NO SE;SI;NO SE;NO SE;NO SE;NO SE;NO;NO SE;NO SE;NO SE;NO SE;;;;SI;NO SE;NO SE;;;I;;;Deportes, doctor;0;;0;;0;;0;;0;;0;;0;;0;;0;;0;;0;;0;;0;;0;;0;;0;;;;;;;;;;;;;;;;;;;;;;;;;;;;;;;;;;;;;;;;;;;;;;;;;;;;;;
10;1;14;M;2;SI;SI;SI;NO SE;NO SE;SI;NO SE;NO SE;SI;NO SE;NO SE;SI;;;;;;;SI;;;NO SE;;S;SI;;;0;;0;;0;;0;;0;;1;12;0;;0;;0;;0;;1;;0;;0;;0;;0;;0;;;;;;;;;;1;;0;0;0;0;0;1;0;0;0;0;1;0;0;0;0;0;;;0;0;0;0;0;1;0;0;0;0;1;0;0;0;0;0;;;;;SI;;;;
11;1;14;F;2;SI;SI;SI;SI;SI;SI;SI;SI;NO SE;SI;NO;SI;SI;SI;SI;SI;;;SI;SI;SI;SI;;S;SI;SI;Grupo de charla en el instituto;0;;0;;0;;0;;0;;1;13;0;;0;;0;;0;;1;13;0;;0;;0;;0;;0;;;;;;;;;;1;;0;0;0;0;0;1;0;0;0;0;0;0;0;0;0;0;;;0;0;0;0;0;1;0;0;0;0;0;0;0;0;0;0;;;;;SI;6;;;
12;1;14;F;2;SI;SI;SI;NO SE;SI;SI;SI;SI;NO SE;SI;NO;SI;SI;SI;NO SE;NO SE;;;SI;SI;SI;SI;;S;SI;SI;;0;;0;;0;;0;;0;;1;13;0;;0;;0;;0;;0;;0;;0;;0;;0;;0;;;;;;;;;;1;;0;0;0;0;0;1;0;0;0;0;1;0;0;0;0;0;;;0;0;0;0;0;0;0;0;0;0;0;0;0;0;0;0;;;;;;;;;
13;1;14;M;2;SI;SI;SI;NO SE;NO SE;SI;SI;SI;SI;SI;NO;SI;NO SE;NO SE;NO SE;NO SE;;;SI;SI;SI;SI;;I;SI;;;0;;0;;0;;0;;0;;0;;0;;0;;0;;0;;0;;0;;0;;0;;0;;0;;;;;;;;;;;;;;;;;;;;;;;;;;;;;;;;;;;;;;;;;;;;;;;;;;;;;;
14;1;14;M;2;SI;SI;SI;NO SE;SI;SI;SI;SI;SI;SI;NO;SI;NO SE;NO SE;NO SE;NO SE;;;SI;SI;SI;SI;;I;SI;;;0;;0;;0;;0;;0;;0;;0;;0;;0;;0;;0;;0;;0;;0;;0;;0;;;;;;;;;;;;;;;;;;;;;;;;;;;;;;;;;;;;;;;;;;;;;;;;;;;;;;
15;1;14;F;2;SI;SI;SI;SI;SI;SI;SI;SI;;SI;NO;SI;SI;SI;NO SE;NO SE;;;SI;SI;SI;SI;;S;SI;SI;;0;;1;14;1;11;0;;0;;1;11;0;;0;;0;;0;;1;;0;;1;;0;;0;;0;;;;;;1;1;;;1;;0;1;1;0;0;1;0;0;0;0;1;0;0;0;0;0;;;0;1;1;0;0;1;0;0;0;0;1;0;0;0;0;0;;;;;SI;;;;
16;1;15;M;2;SI;SI;SI;SI;SI;NO;NO SE;NO SE;SI;NO SE;NO;SI;SI;NO;NO SE;NO;;;SI;NO SE;;SI;;S;SI;;SI;0;;0;;1;13;0;;0;;1;14;0;;0;;0;;0;;0;;0;;0;;0;;0;;0;;;;;;;;;;;;0;0;0;0;0;1;0;0;0;0;1;0;0;0;0;0;;;0;0;0;0;0;1;0;0;0;0;0;0;0;0;0;0;;;;;SI;6;;;
17;1;14;F;2;SI;SI;SI;NO SE;SI;SI;SI;NO SE;SI;SI;SI;SI;SI;SI;NO SE;SI;;;SI;SI;NO SE;SI;;I;SI;;Centros públicos;0;;0;;1;14;0;;0;;1;13;0;;0;;0;;0;;1;12;0;;0;;0;;0;;0;;;;;;1;;;;;Por placer;0;0;1;0;0;1;0;0;0;0;0;0;0;0;0;0;;;;;;;;;;;;;;;;;;;;;;;SI;;;;
18;1;15;M;2;NO;NO;NO;NO;NO;NO;NO;NO;NO;NO;NO;NO;NO;NO;NO;NO;;;SI;SI;SI;SI;;S;;;Amigos;0;;0;;1;12;0;;0;;1;12;0;;0;;0;;0;;1;12;0;;0;;0;;0;;0;;;;;;;;;;1;;0;0;0;0;0;1;0;0;0;0;1;0;0;0;0;0;;;0;0;0;0;0;1;0;0;0;0;1;0;0;0;0;0;;;;;SI;6;;;
19;1;15;F;3;SI;SI;SI;;;SI;SI;;SI;;;SI;SI;NO SE;NO SE;SI;;;SI;SI;SI;;;S;SI;;;0;;0;;0;;0;;0;;1;13;0;;0;;0;;0;;0;;0;;0;;0;;0;;0;;;;;;;;;;1;;0;0;0;0;0;1;0;0;0;0;0;0;0;0;0;0;;;;;;;;;;;;;;;;;;;;;;;SI;;;;
20;1;14;F;2;SI;SI;SI;SI;SI;SI;SI;SI;SI;SI;NO;SI;SI;NO SE;NO SE;NO SE;;;SI;SI;SI;SI;;I;SI;SI;;0;;0;;0;;0;;0;;0;;0;;0;;0;;0;;0;;0;;0;;0;;0;;0;;;;;;;;;;;;;;;;;;;;;;;;;;;;;;;;;;;;;;;;;;;;;;;;;;;;;;
21;1;14;F;2;SI;SI;SI;SI;SI;SI;SI;SI;SI;SI;NO;SI;NO SE;SI;NO SE;NO SE;;;SI;SI;SI;SI;;I;SI;;;0;;0;;0;;0;;0;;0;;0;;0;;0;;0;;0;;0;;0;;0;;0;;0;;;;;;;;;;;;;;;;;;;;;;;;;;;;;;;;;;;;;;;;;;;;;;;;;;;;;;
22;1;15;M;2;SI;SI;SI;NO SE;NO SE;SI;SI;SI;NO SE;SI;NO;SI;NO SE;NO SE;NO SE;NO;;;SI;SI;SI;SI;;S;SI;;;0;;0;;0;;0;;0;;1;13-14;0;;0;;0;;0;;1;14;0;;0;;0;;0;;0;;;;;;1;;;;1;;0;0;0;0;0;1;0;0;0;0;1;0;0;0;0;0;;;0;0;0;0;0;1;0;0;0;0;0;0;0;0;0;0;;;;;SI;6;;;
23;1;15;F;2;SI;SI;SI;NO SE;SI;SI;SI;SI;SI;SI;NO;SI;SI;NO SE;NO SE;NO SE;;;SI;SI;NO SE;NO;;S;SI;SI;;;;;;1;13;;;;;1;13;;;;;;;;;1;11;;;;;;;;;;;;;;;;;;1;1;;;;1;;;1;;;;;1;;;;;;;;;;;;;1;;;;;1;;;;;;;;;;;;SI;;
24;1;14;F;2;SI;SI;SI;NO SE;SI;SI;SI;NO SE;NO SE;NO SE;NO;SI;;NO SE;NO SE;NO SE;;;SI;SI;SI;SI;;S;;SI;;;;1;13;1;12;;;;;1;13;;;;;;;;;;;;;;;;;;;;;;;;;1;;;;;;;;1;;;1;;;;;;;;;;;;;;;1;;;1;;;;;;;;;;;;;SI;3;;;;;
25;1;14;M;2;SI;SI;NO;NO SE;NO SE;SI;NO SE;NO SE;NO SE;SI;NO;SI;NO SE;NO SE;NO SE;NO SE;;;SI;SI;SI;SI;Amigos, personas desconocidas;S;SI;;;;;;;;;;;;;1;13;;;;;;;;;;;;;;;;;;;;;;;;;;;;;;Diversión;;;;;;1;;;;;;;;;;;;;;;;;;;;;;;;;;;;;;;;;;;;;
26;1;14;M;2;SI;SI;NO SE;NO;SI;SI;SI;NO SE;NO SE;SI;NO;SI;SI;SI;NO SE;NO SE;;;SI;SI;SI;SI;;S;SI;;Psicólogos o especialistas;;;;;;;;;;;1;13;;;;;;;;;1;13;;;;;;;;;;;;;;;;;;;;;;;;;;1;;;;;1;;;;;;;;;;;;;;;;;;1;;;;;;;;;;SI;6;;;
27;1;16;M ;2;SI;SI;SI;SI;SI;SI;SI;SI;SI;SI;SI;SI;SI;SI;SI;SI;Lanza;;SI;SI;SI;NO;Mentales;S;;;En todos lados;;;;;;;;;;;1;15;;;;;;;;;;;;;;;;;;;;;;;;;;;;;;;;;;;;1;;;;;;;;;;;;;;;;;;;;;;;;;;;;;;;;;;;;;
28;1;15;M;2;SI;SI;SI;NO SE;NO SE;SI;NO SE;NO SE;SI;SI;NO;SI;SI;SI;NO SE;NO SE;;;SI;SI;SI;SI;;I;SI;;;;;;;;;;;;;;;;;;;;;;;;;;;;;;;;;;;;;;;;;;;;;;;;;;;;;;;;;;;;;;;;;;;;;;;;;;;;;;;;;;;;;;;
29;1;14;M;2;SI;SI;SI;NO SE;SI;SI;SI;NO;NO;SI;NO;SI;NO;SI;NO;NO SE;;;SI;SI;SI;NO SE;;S;SI;SI;;;;;;;;;;;;1;10;;;;;;;;;1;11;;;;;;;;;;;;;;;;;;;;;;;;;;1;;;;;1;;;;;;;;;;;;;;;;;;;;;;;;;;;;;;;;
30;1;14;F;2;SI;NO;NO;NO SE;NO SE;NO SE;SI;SI;SI;;NO;SI;SI;NO;NO SE;NO SE;;;SI;NO SE;SI;SI;;I;;SI;;;;1;14;1;13;;;;;1;13;;;;;;;;;1;12;;;;;;;;;;;;;;;1;;;;1;;;1;1;;;1;;;;;1;;;;;;;;;1;1;;;1;;;;;;;;;;;;;;;SI;2, 6;SI;3;
31;1;15;F;2;SI;SI;NO;NO SE;NO SE;SI;SI;NO SE;SI;SI;NO SE;SI;SI;NO SE;NO SE;SI;;;SI;NO;SI;SI;;S;SI;SI;;;;;;1;14;;;;;1;14;;;;;;;;;1;13;;;;;;;;;;;;;;;;;;;1;;;;;;;1;;;;;1;;;;;;;;;;;;;1;;;;;1;;;;;;;;;;;;SI;6;
32;2;16;F;3;SI;SI;SI;SI;SI;SI;SI;SI;SI;SI;SI;SI;SI;SI;SI;SI;;;SI;SI;SI;SI;Cualquier relación social;S;SI;SI;En cualquier grupo social;;;;;1;15;;;;;1;9;;;;;;;;;1;7;;;;;;;;;;;;;;;;;;1;;Porque mis padres también lo hacían;;;;;;1;;;;;;;;;;;;;;;;;;;;;;;;;;;;;;;;;;;;;
33;2;16;F;3;SI;SI;SI;NO SE;NO SE;SI;SI;NO SE;SI;SI;NO;NO SE;SI;NO SE;NO SE;NO SE;;;SI;SI;SI;SI;;I;;SI;;;;;;;;;;;;1;15;;;;;;;;;;;;;;;;;;;;;;;;;;;;;1;;;;;;;1;;;;;;;;;;;;;;;;;;1;;;;;;;;;;;;;;;SI;6;;;
34;2;16;F;3;SI;SI;SI;NO SE;NO SE;SI;NO;SI;SI;SI;SI;NO SE;NO;NO SE;NO SE;NO SE;;;SI;NO;SI;SI;SI;I;SI;SI;;;;;;;;;;;;1;15;;;;;;;;;;;;;;;;;;;;;;;;;;;;;1;;;;;;;1;;;;;;;;;;;;;;;;;;1;;;;;;;;;;;;;;;SI;6;;;
35;2;16;F;3;NO;NO;NO;NO;NO;SI;NO;NO;NO;NO;SI;NO;NO;NO;NO;NO;;;SI;NO;SI;SI;;S;;SI;;;;;;;;;;;;1;14;;;;;;;;;;;;;;;;;;;;;;;;;;;;;1;;;;;;;1;;;;;;;;;;;;;;;;;;1;;;;;;;;;;;;;;;SI;6;;;
36;2;16;M;3;SI;SI;SI;SI;SI;SI;SI;SI;SI;SI;SI;SI;NO SE;SI;NO SE;NO SE;;;SI;NO SE;SI;;;S;SI;SI;;;;;;;;;;;;1;;;;;;;;;;;;;;;;;;;;;;;;;;;;;;1;;;;;;;1;;;;;;;;;;;;;;;;;;;;;;;;;;;;;;;;;;;SI;;
37;2;15;F;3;NO;NO;NO;NO;NO;NO;NO;NO;NO;NO;NO;NO;NO;NO;NO;NO;;;SI;SI;SI;SI;;I;SI;SI;;;;;;;;;;;;;;;;;;;;;;;;;;;;;;;;;;;;;;;;;;;;;;;;;;;;;;;;;;;;;;;;;;;;;;;;;;;;;;;;;;;;;;
38;2;16;F;3;SI;SI;SI;SI;SI;SI;SI;SI;SI;SI;SI;SI;SI;SI;SI;SI;;;SI;NO;NO;SI;;I;;SI;;;;;;;;;;;;;;;;;;;;;;;;;;;;;;;;;;;;;;;;;;;;;;;;;;;;;;;;;;;;;;;;;;;;;;;;;;;;;;;;;;;;;;
39;2;16;F;3;SI;SI;SI;NO SE;NO SE;NO;SI;SI;NO SE;NO SE;SI;SI;NO SE;SI;NO SE;NO SE;;;SI;SI;SI;SI;;S;SI;;;;;;;;;;;;;1;14;;;;;;;;;1;15;;;;;;;;;;;;;;;;;;;1;;;;;;;1;;;;;1;;;;;;;;;;;;;1;;;;;;;;;;;;;;;;;SI;6;
40;2;15;F;3;SI;SI;SI;NO SE;SI;SI;SI;SI;NO SE;SI;NO;SI;SI;NO;NO;SI;;;SI;SI;SI;SI;;S;;SI;;;;;;1;12;;;;;1;12;;;;;;;;;1;13;;;;;;;;;;;;;;;1;;;;;;;;1;;;1;;;;;;;;;;;;;;;1;;;;;;;;;;;;;;;;;;SI;3;;;
41;2;15;F;3;SI;NO;SI;NO SE;SI;SI;NO SE;NO SE;SI;SI;NO;SI;SI;NO SE;NO SE;NO SE;;;SI;NO;NO;SI;;;SI;;;;;1;15;1;14;;;;;1;;;;;;;;;;1;13;;;;;;;;;;;;;;;;;;;1;;;1;;;;1;;;;;1;;;;;;;;;1;;;;1;;;;;1;;;;;;;;;;SI;NC;;;
42;2;15;M;3;NO;NO;NO SE;NO;;SI;NO;NO SE;NO;NO;;NO;NO;NO;NO;NO;;;NO;NO;NO;NO SE;;S;;;;;;;;;;;;;;1;13;;;;;;;;;1;13;;;;;;;;;;;;;;;1;;;;;;;;;;;1;;;;;1;;;;;;;;;;;;;1;;;;;1;;;;;;;;;;;;SI;6;
43;2;16;M;3;NO;SI;SI;NO;NO;SI;SI;SI;NO;NO;SI;NO;SI;NO;NO;NO;;;SI;NO;SI;SI;;I;SI;;Doctor;;;1;15;1;14;;;;;1;12;1;15;1;16;;;;;1;13;;;;;;;;;;;;;;;;;;1;1;;;1;1;;;;;1;;;1;1;;;;;;;;1;1;;;;;1;;;1;;;;;;;;;;SI;NC;;;
44;3;;;;SI;NO;SI;NO SE;NO SE;SI;SI;NO;NO SE;NO SE;;NO;SI;NO SE;NO SE;NO SE;;;NO;NO SE;NO SE;SI;;S;;SI;;1;16;1;14;1;15;;;;;1;13;;;1;16;;;;;1;;1;17;1;17;;;1;16;;;;;;;1;1;;;;;;1;1;;;1;;1;;;1;;1;;1;;;1;;1;1;;;1;;;;;1;;1;;1;;;;;;SI;NC;;;
45;3;25;F;3;SI;SI;SI;NO SE;NO SE;SI;NO SE;NO SE;NO SE;NO SE;NO SE;NO SE;NO SE;NO SE;NO SE;NO SE;;;SI;;;;;;;;;;;;;;;;;;;;;;;;;;;;;;;;;;;;;;;;;;;;;;;;;;;;;;;;;;;;;;;;;;;;;;;;;;;;;;;;;;;;;;;;;;;;;
46;3;17;F;3;SI;NO;NO;SI;SI;NO;SI;NO;SI;SI;NO;SI;SI;;;;;;NO;NO;SI;;;S;;;SI;1;15;1;14;1;11;;;;;1;14;;;1;16;;;;;1;10;;;1;16;;;;;;;;;;;;;;;;;1;1;1;;;1;;1;;;1;;;;;;;;1;1;1;;;1;;;;;;;;;;;;;SI;2, 3;SI;1;;;
47;3;19;M;3;SI;SI;SI;SI;SI;SI;SI;SI;SI;SI;SI;SI;SI;SI;;SI;;;SI;NO SE;NO SE;NO SE;;S;SI;SI;;;;1;15;1;14;;;;;;;;;;;;;;;;;;;;;;;;;;;;;;;;1;;;1;;;;;;;;;;;;;;;;;;;;;;;;;1;;;;;;;;;;;;;;;SI;6;;;
48;3;19;M;3;SI;SI;SI;SI;SI;SI;SI;SI;SI;SI;SI;SI;SI;SI;SI;;;;SI;NO SE;NO SE;SI;;S;;SI;;;;;;1;13;;;;;1;13;;;;;;;;;;;;;;;;;;;;;;;;;;;;;;;;;1;;;1;;;;;;;;;;;;;;;1;;;1;;;;;;;;;;;;;;;;;;;
49;3;23;M;3;NO;NO;NO;NO;NO;NO;NO;NO;NO;NO;NO;NO;NO;NO;NO;NO;;;SI;SI;SI;SI;;S;SI;;;;;;;;;;;;;1;15;;;;;;;;;;;;;;;;;;;;;;;;;;;;;;SI;;;;;;;;;;;;;;;;;;;;;;;;;;;;;;;;;;;;;;;;;;;
50;3;17;F;3;SI;NO;SI;SI;SI;NO;NO SE;NO SE;SI;NO;NO;SI;SI;NO SE;NO SE;NO SE;;;SI;SI;SI;SI;;S;SI;SI;;;;1;17;1;13;;;;;1;13;;;;;;;;;;;;;;;;;;;;;;;;;;;;;1;;;1;1;;;1;;;;;1;;;;;;;;;;1;;;1;;;;;1;;;;;;;;;;SI;NC;;;
51;3;18;M;3;SI;NO;NO;SI;SI;NO;SI;NO;SI;SI;NO;SI;SI;NO;NO SE;SI;;;SI;SI;SI;SI;;;SI;SI;;;;1;15;;;;;;;;;;;;;;;;;;;;;;;;;;;;;;;;;;;;;1;;;1;;;;;;;;;;;;;;;;;;;;;;;;;;;;;;;;;;;;;;;;;
52;3;17;M;3;NO SE;NO;SI;NO SE;NO SE;SI;NO SE;NO;NO SE;NO SE;SI;SI;NO;NO SE;NO SE;NO SE;;;SI;SI;SI;SI;;S;SI;;;;;1;15;1;13;;;;;1;12;;;1;16;;;;;;;1;15;;;;;;;;;;;;;;1;;;1;;;1;1;;;;;;;;;1;;;;;;;;1;;;;;;;;;;;;;;;;;;;;;SI;2;
53;3;;M;3;NO;SI;SI;NO;NO;SI;NO;NO;NO;NO;NO;NO;NO;NO;NO;NO;;;SI;;;NO;;S;SI;;;;;1;20;1;14;;;;;1;13;;;;;;;;;;;;;;;;;;;;;;;;;1;1;1;;1;;;;1;;;;;;;;;;;;;;;;;;1;;;;;;;;;;;;;;;;;;;;;;UNA VEZ AL MES
54;3;18;M;3;SI;SI;SI;SI;SI;SI;SI;SI;SI;SI;NO SE;SI;SI;SI;NO SE;NO SE;;;SI;SI;NO SE;SI;;S;SI;SI;Centros de salud;;;1;15;;;;;;;;;;;;;;;;;;;;;;;;;;;;;;;;;;;;;1;;;1;;;;1;;;;;;;;;;;;;;1;;;;1;;;;;;;;;;;;;;;SI;NC;;;
55;3;18;F;3;SI;;SI;SI;SI;;SI;SI;SI;SI;;SI;SI;SI;SI;SI;;;SI;NO SE;NO SE;SI;;S;;SI;;;;1;15;;;;;;;1;15;;;;;;;;;;;;;;;;;;;;;;;;;;;;;1;;;1;;;;;;;;;;;;;;;;;;1;;;;;;;;;;;;;;;;;;;SI;2;;;
56;3;18;F;3;SI;SI;SI;SI;SI;SI;SI;SI;SI;SI;SI;SI;SI;SI;SI;SI;;;SI;SI;SI;SI;;S;SI;;;;;;;;;;;;;;;;;;;;;;;1;16;;;;;;;;;;;;;;;;;;;;;;;;;;;;;;;;;;;;;;;;;;;;;;;;;;;;;;;;;;;;;;;Alcohol muy pocas veces
57;3;17;M;3;SI;SI;SI;NO;SI;SI;SI;NO;SI;SI;NO;SI;SI;SI;SI;SI;;;SI;SI;SI;SI;;S;;SI;;;;1;13;;;1;14;;;1;11-12;;;1;15;;;;;1;13;;;;;;;;;;;;;;;;;;;1;;;;;;;;;;;;;;;;;;;;;1;;;;1;;1;;;;;;;;;;;SI;2;;;;;
58;3;19;F;3;SI;SI;;;;SI;;;;;;;;;;;;;SI;;;SI;;S;SI;SI;;;;;;;;;;;;;;;;;;;;;;1;15;;;;;;;;;;;;;;;;;;;1;;;;;;;;;;;;;;;;;;;;;;;;;;;;;;;;;;;;;;;;;;;;
59;3;20;F;3;SI;SI;SI;NO SE;SI;SI;SI;NO SE;SI;SI;NO SE;SI;SI;SI;NO SE;NO SE;;;SI;SI;SI;SI;;I;SI;SI;En todos lados;;;;;1;16;;;;;1;16;;;;;;;;;;;;;;;;;;;;;;;;;;;;;1;;;;;;;;;;;;;;;;;;;;;;;;;;;;;;;;;;;;;;;;;;;;
60;4;16;M;3;SI;SI;NO SE;NO;SI;NO SE;SI;NO SE;NO;SI;NO;SI;SI;NO SE;NO SE;NO SE;;;SI;SI;NO;SI;;I;;SI;;;;;;;;;;;;1;15;;;;;;;;;1;15;;;;;;;;;;;;;;;;;;;1;;;;;;;1;;;;;1;;;;;;;;;;;;;;;;;;;;;;;;;;;;;;;;
61;4;16;M;3;SI;SI;SI;SI;SI;SI;SI;SI;SI;SI;SI;SI;SI;SI;SI;SI;;Chala;SI;SI;SI;SI;;I;SI;;;;;;;;;;;;;;;;;;;;;;;;;;;;;;;;;;;;;;;;;;;;;;;;;;;;;;;;;;;;;;;;;;;;;;;;;;;;;;;;;;;;;;;
62;4;17;M;3;SI;SI;NO SE;NO SE;SI;SI;NO SE;NO SE;NO SE;NO SE;NO;NO SE;NO SE;NO SE;NO SE;NO SE;;;SI;NO SE;NO SE;SI;;S;SI;SI;;;;;;;;;;;;1;15;;;;;;;;;1;10;;;;;;;;;;;;;;;;;;;1;;;;;;;1;;;;;1;;;;;;;;;;;;;;;;;;;;;;;;;;;;;;;;
63;4;17;M;3;SI;NO SE;NO;NO SE;SI;SI;SI;SI;NO SE;SI;NO;SI;NO SE;SI;NO SE;NO SE;;;SI;NO;SI;NO SE;;S;SI;;;;;;;;;;;;;1;13;;;;;;;;;;;;;;;;;;;;;;;;;;;;;;;;;;;;1;;;;;;;;;;;;;;;;;;1;;;;;;;;;;;;;;;SI;6;;;
64;4;18;M;3;SI;SI;SI;NO SE;NO SE;SI;SI;NO SE;SI;SI;NO;SI;NO;SI;NO SE;NO SE;;;SI;SI;NO SE;SI;;I;SI;;;;;1;10;;;;;;;1;12;;;;;;;;;1;12;;;;;;;;;;;;;;;;;;;1;;;1;;;;1;;;;;1;;;;;;;;;1;;;;1;;;;;1;;;;;;;;SI;2;;;;;
65;4;16;M;3;SI;SI;SI;SI;SI;SI;SI;SI;SI;SI;NO;SI;SI;SI;NO SE;NO SE;;;SI;SI;SI;;;S;;SI;;;;;;1;15;;;;;1;15;;;;;;;;;1;14;;;;;1;16;;;;;;;;;;1;1;;;SI;;;1;;;1;;;;;1;;;1;;;;;;;1;;;1;;;;;1;;;1;;;;;;;;;;;
66;4;15;M;3;SI;SI;NO;NO SE;NO SE;SI;NO;NO SE;NO;NO SE;NO SE;NO SE;SI;SI;NO SE;NO SE;;;NO SE;SI;SI;SI;;S;;SI;;;;;;;;;;;;;;;;;;;;;;;;;;;;;;;;;;;;;;;;;;;;;;;;;;;;;;;;;;;;;;;;;;;;;;;;;;;;;;;;;;;;;;
67;4;15;M;3;SI;SI;NO SE;NO SE;SI;NO;SI;SI;NO;NO SE;NO;SI;NO SE;SI;NO;NO SE;;;SI;SI;NO SE;SI;;S;SI;SI;;;;;;;;;;;;1;13;;;;;;;;;1;12;;;;;;;;;;;;;;;;;;1;;SI;;;;;;1;;;;;;;;;;;;;;;;;;;;;;;;;;;;;;;;;;;;;
68;4;15;M;3;SI;SI;NO;NO SE;SI;NO;SI;SI;SI;SI;NO;SI;SI;SI;SI;NO SE;;;SI;SI;SI;SI;;S;SI;;;;;;;;;;;;;;;;;;;;;;;;;;;;;;;;;;;;;;;;;;;;;;;;;;1;;;;;;;;;;;;;;;;;;;;;;;;;;;;;;;;;SI;;;;
69;4;;M;3;SI;SI;SI;SI;SI;SI;SI;SI;SI;SI;NO;SI;SI;SI;SI;SI;;;SI;SI;SI;SI;;S;SI;;;;;;;1;13;;;;;1;12;;;;;;;;;1;11;;;;;;;;;;;;;;;;;;;1;;;;1;;;;;;;;;;;;;;;;;;1;;;;;;;;;;;;;;;;;;SI;3;;;
70;4;17;M;3;SI;SI;SI;SI;SI;NO;SI;SI;SI;SI;SI;SI;SI;SI;SI;SI;;;SI;SI;SI;SI;;S;SI;;;;;;;;;;;;;1;NC;;;;;;;;;1;16;;;;;;;;;;;;;;;;;;;;;;;;;;1;;;;;1;;;;;;;;;;;;;1;;;;;;;;;;;;;;;SI;6;;;
71;4;15;M;3;SI;SI;SI;NO SE;NO SE;SI;NO;SI;SI;SI;NO;SI;SI;SI;NO;SI;;;SI;SI;SI;SI;;I;;SI;;;;;;;;;;;;1;14;;;;;;;;;1;10;;;;;;;;;;;;;;;;;;;1;;;;;;;1;;;;;1;;;;;;;;;;;;;1;;;;;;;;;;;;;;;SI;6;;;
72;4;15;M;3;SI;SI;SI;NO SE;NO SE;NO;SI;NO SE;NO SE;SI;NO;SI;NO SE;NO;NO SE;NO SE;;;SI;NO;SI;SI;;S;SI;;;;;1;15;;;;;;;1;14;;;;;;;;;1;10;;;;;;;;;;;;;;;;;;;1;;;1;;;;1;;;;;1;;;;;;;;;;;;;1;;;;;1;;;;;;;;SI;NC;;;;;
73;4;17;M ;3;SI;SI;SI;SI;SI;NO SE;NO SE;SI;SI;SI;NO SE;SI;NO SE;SI;NO SE;NO SE;;;SI;SI;SI;SI;;S;SI;;;;;;;1;15;;;;;1;14;;;;;;;;;1;15;;;;;;;;;;;;;;;;;;1;;;;;1;;;1;;;;;1;;;;;;;;;;1;;;1;;;;;1;;;;;;;;;;SI;6;;;
74;4;18;M;3;SI;SI;SI;NO SE;SI;NO;SI;SI;NO;SI;NO;NO SE;NO SE;NO;NO SE;NO SE;;;SI;SI;SI;SI;;S;SI;;;;;;;;;;;;;1;15;;;;;;;;;1;17;;;;;;;;;;;;;;;;;;;1;;;;;;;1;;;;;;;;;;;;;;;;;;1;;;;;;;;;;;;;;;SI;6;;;
75;4;16;M;3;SI;SI;SI;SI;SI;SI;SI;SI;SI;SI;SI;SI;SI;SI;SI;SI;;;SI;SI;SI;SI;;S;SI;SI;;;;;;;;;;;;;;;;;;;;;;;;;;;;;;;;;;;;;;;;;;;;;;;;;;;;;;;;;;;;;;;;;;;;;;;;;;;;;;;;;;;;;;
76;4;15;M;3;SI;NO;NO;NO SE;NO SE;NO;SI;SI;NO SE;SI;NO;SI;NO SE;NO SE;NO SE;NO SE;Lanza;;SI;NO SE;SI;SI;;I;;;Con algún familiar de confianza;;;;;1;13-15;;;;;1;13-14;;;;;;;;;1;11-12;;;;;;;;;;;;;;;;;;;;Para pasarla bien entre amigos pero muy poco;;;1;;;1;;;;;1;;;;;;;;;;;;;1;;;;;1;;;;;;;;;;SI;NC;;;
77;4;;M;3;SI;NO;SI;SI;SI;SI;SI;SI;SI;SI;SI;SI;NO;SI;NO SE;NO SE;;;SI;SI;SI;SI;;I;SI;;;;;;;1;13;;;;;;;;;;;;;;;;;;;;;;;;;;;;;;;1;;;1;;;;;;;;;;;;;;;;;;;;;;;;;;;;;;;;;;;;;;;;;;;;;
78;5;15;M;3;SI;SI;SI;NO SE;SI;SI;SI;NO;NO;NO SE;NO;SI;SI;SI;NO SE;NO;;;SI;SI;SI;SI;;S;SI;;;;;;;;;;;;;1;14;;;;;;;;;;;;;;;;;;;;;;;;;;;;1;;;;;;;;1;;;;;;;;;;;;;;;;;;1;;;;;;;;;;;;;;;;;;;
79;5;15;F;3;SI;SI;SI;NO SE;NO SE;NO;NO;NO;NO;SI;NO;SI;SI;NO;NO SE;NO SE;;;SI;SI;SI;SI;;S;SI;;;;;;;;;;;;;1;15;;;;;;;;;;;;;;;;;;;;;;;;;;;;;1;;;;;;;1;;;;;;;;;;;;;;;;;;1;;;;;;;;;;;;;;;;;;;
80;5;15;F;3;SI;SI;SI;NO SE;NO SE;SI;NO SE;NO SE;SI;SI;NO;NO SE;SI;SI;NO SE;NO SE;;;SI;SI;SI;SI;;S;SI;;;;;;;;;;;;;1;15;;;;;;;;;;;;;;;;;;;;;;;;;;;;;1;;;;;;;1;;;;;;;;;;;;;;;;;;1;;;;;;;;;;;;;;;;;;;
81;5;15;F;3;SI;SI;SI;NO SE;NO SE;SI;SI;SI;SI;SI;NO;SI;NO SE;NO;NO SE;NO SE;;;SI;SI;SI;SI;;S;SI;SI;;;;;;;;;;;;1;14;;;;;;;;;1;14;;;;;;;;;;;;;;;;;;;1;;;;;;;1;;;;;1;;;;;;;;;;;;;;;;;;;;;;;;;;;;SI;;;;
82;5;15;M;3;SI;SI;SI;NO SE;SI;SI;NO SE;NO;NO;SI;NO;SI;SI;NO SE;NO SE;;;;SI;SI;SI;SI;Estudio, familiar;S;;SI;;;;;;;;;;;;1;14;;;;;;;;;;;;;;;;;;;;;;;;;;;;;1;;;;;;;1;;;;;;;;;;;;;;;;;;;;;;;;;;;;;;;;;;;;;
83;5;15;F;3;SI;NO SE;SI;NO SE;NO SE;SI;SI;SI;NO SE;NO SE;NO SE;SI;SI;SI;NO SE;NO SE;;;SI;SI;NO SE;SI;;S;;SI;Médicos especializados en el tema;;;;;;;;;;;1;15;;;;;;;;;1;14;;;;;;;;;;;;;;;;;;;1;;;;;;;;;;;;;;;;;;;;;;;;;;;;;;;;;;;;;;;;;;;;
84;5;15;M;3;SI;NO SE;SI;NO SE;NO SE;SI;NO SE;SI;SI;SI;NO;SI;NO SE;SI;SI;NO SE;;;SI;SI;SI;SI;;S;SI;SI;;;;1;15;;;;;;;1;14;;;;;;;;;;;;;;;;;;;;;;;;;;;;;1;;;1;;;;1;;;;;1;;;;;;;;;1;;;;1;;;;;;;;;;;;;;;SI;NC;;;
85;5;15;F;3;SI;NO SE;SI;NO SE;SI;SI;SI;SI;NO SE;SI;NO SE;SI;SI;NO SE;SI;NO SE;;;SI;SI;SI;SI;;I;;SI;;;;;;;;;;;;1;13;;;;;;;;;1;9;;;;;;;1;NC;;;;;;;1;;;;1;;;;;;;1;;;;;1;;;;1;;;;;;;;;1;;;;;;;;;1;;;;SI;6;;;SI;15;
86;5;15;F;3;SI;SI;SI;SI;SI;SI;SI;SI;SI;SI;NO;SI;SI;SI;SI;SI;;;SI;SI;SI;SI;;S;SI;SI;;;;;;;;;;;;1;14;;;;;;;;;1;14;;;;;;;;;;;;;;;;;;;1;;;;;;;1;;;;;;;;;;;;;;;;;;1;;;;;;;;;;;;;;;SI;6;;;
87;5;15;F;3;SI;SI;SI;SI;SI;SI;SI;SI;SI;NO SE;NO;SI;NO SE;NO SE;SI;SI;;;SI;SI;NO SE;SI;;S;;SI;;;;;;;;;;;;1;10;;;;;;;;;1;12;;;;;;;;;;;;;;;;;1;;1;;;;;;;1;;;;;1;;;;;;;;;;;;;1;;;;;1;;;;;;;;;;SI;6;;;
88;5;15;F;3;SI;SI;SI;SI;SI;SI;SI;SI;SI;SI;NO SE;SI;NO SE;SI;SI;SI;;;SI;NO SE;SI;SI;;S;SI;SI;;;;;;;;;;;;1;14;;;;;;;;;1;12;;;;;;;;;;;;;;;;;;;;SI;;;;;;1;;;;;;;;;;;;;;;;;;;;;;;;;;;;;;;;;SI;6;;;
89;5;15;M;3;SI;SI;SI;SI;SI;SI;SI;SI;NO;SI;NO;SI;SI;NO SE;NO SE;NO SE;;;SI;SI;SI;SI;;S;SI;;;;;;;;;;;;;1;14;;;;;;;;;1;13;;;;;;;;;;;;;;;;;1;;;;;;;;;1;;;;;;;;;;;;;;;;;;;;;;;;;;;;;;;;;;;;;
90;5;15;F;3;SI;SI;SI;SI;SI;SI;SI;SI;SI;SI;NO SE;SI;NO SE;SI;SI;NO SE;;;SI;SI;SI;SI;;S;SI;SI;;;;;;;;;;;;1;12;;;;;;;;;1;11;;;;;;;;;;;;;;;;;;;1;;;;;;;1;;;;;1;;;;;;;;;;;;;1;;;;;1;;;;;;;;;;SI;NC;;;
91;5;15;F;3;SI;SI;SI;SI;SI;SI;SI;SI;SI;SI;NO SE;SI;SI;SI;SI;SI;Heroína;;SI;SI;SI;SI;;S;SI;SI;;;;;;;;;;;;1;14;;;;;;;;;;;;;;;;;;;;;;;;;;;;;1;;;;;;;;;;;;;;;;;;;;;;;;;;;;;;;;;;;;;;;;;;;;
92;5;15;F;3;SI;SI;SI;SI;SI;SI;NO SE;SI;SI;SI;NO SE;SI;SI;SI;SI;NO SE;;;SI;SI;NO SE;SI;;S;;SI;;;;;;;;;;;;1;14;;;;;;;;;;;;;;;;;;;;;;;;;;;;;1;;;;;;;1;;;;;;;;;;;;;;;;;;1;;;;;;;;;;;;;;;;;;;
93;5;15;M;3;SI;SI;SI;SI;SI;SI;SI;SI;SI;SI;NO SE;SI;SI;SI;SI;SI;;;SI;SI;NO SE;SI;;S;;SI;;;;;;;;;;;;1;13;;;;;;;;;1;10;;;;;;;;;;;;;;;;;;;;Porque me gusta;;;;;;1;;;;;1;;;;;;;;;;;;;1;;;;;1;;;;;;;;;;;;SI;6;
94;5;15;F;3;SI;SI;SI;NO SE;SI;SI;SI;SI;SI;SI;NO;SI;SI;SI;SI;SI;;;SI;SI;SI;SI;;I;;SI;;;;1;14;1;14;;;;;1;13;;;;;;;;;1;14;;;;;;;;;;;;;;;1;;;;;Para evitar problemas sociales y familiares;;1;1;;;1;;;;;1;;;;;;;;;;1;;;1;;;;;;;;;;;;;;;SI;6;SI;3;
95;5;15;F;3;SI;SI;SI;SI;SI;SI;NO SE;SI;NO SE;SI;NO;NO SE;NO SE;SI;NO SE;NO SE;;;NO SE;NO SE;NO SE;SI;;I;;SI;;;;;;;;;;;;1;9;;;;;;;;;1;13;;;;;;;;;;;;;;;;;;;1;;;;;;;1;;;;;;;;;;;;;;;;;;1;;;;;;;;;;;;;;;;;;;
96;5;15;M;3;SI;SI;SI;NO SE;NO SE;SI;NO SE;SI;SI;SI;NO SE;SI;SI;SI;NO SE;NO SE;;;SI;NO SE;SI;SI;;S;SI;;;;;1;15;1;15;;;;;1;14;;;;;;;;;;;;;;;;;;;;;;;;;;;;;1;;;1;1;;;1;;;;;;;;;;;;;;;1;;;;;;;;;;;;;;;;;;SI;6, 3;;;
97;5;15;F;3;SI;SI;SI;NO SE;NO SE;SI;NO SE;NO SE;;SI;NO SE;SI;SI;NO SE;NO SE;SI;;;SI;SI;NO SE;SI;;S;SI;SI;;;;;;;;;;;;1;10;;;;;;;;;;;;;;;;;;;;;;;;;1;;;;1;;;;;;;1;;;;;;;;;;;;;;;;;;1;;;;;;;;;;;;;;;;;SI;6;
98;5;15;M;3;SI;SI;SI;NO SE;SI;SI;SI;SI;SI;SI;NO SE;NO SE;SI;NO;NO SE;NO SE;;;SI;SI;SI;SI;;S;SI;;;;;;;1;14;;;;;1;13;;;;;;;;;;;;;;;;;;;;;;;;;;;;1;;;;;;;;1;;;;;;;;;;;;;;;;;;1;;;;;;;;;;;;;;;;;;;
99;5;16;M;3;SI;SI;SI;NO SE;NO SE;SI;NO SE;SI;NO SE;NO SE;NO;SI;NO SE;SI;NO SE;NO SE;;;SI;NO SE;SI;;;I;SI;SI;;;;1;16;1;16;;;;;1;13;;;;;;;;;1;12;;;;;;;;;;;;;;;1;;;;1;;;1;1;;;1;;;;;1;;;;;;;;;1;1;;;1;;;;;1;;;;;;;;;;SI;NC;;;
100;5;15;M;3;SI;SI;SI;SI;SI;SI;SI;SI;SI;SI;NO SE;SI;SI;SI;SI;NO SE;;;SI;SI;NO SE;SI;;I;SI;;;;;;;;;;;;;1;13;;;;;;;;;1;12;;;;;;;;;;;;;;;1;;;;;;;;;;;1;;;;;1;;;;;;;;;;;;;1;;;;;1;;;;;;;;;;SI;6, 11;;;
101;5;15;M;3;SI;SI;NO;SI;SI;NO;SI;SI;NO;SI;NO;SI;SI;SI;NO;NO;;;SI;NO;SI;;;S;;SI;;;;1;15;;;;;;;1;14;;;;;;;;;1;14;1;15;;;;;;;;;;;;;;;1;;;;;1;;;;1;;;;;1;;;;;;;1;;1;;;;1;;;;;;;;;;;;;;;SI;NC;;;
102;5;15;M;3;SI;SI;NO;SI;SI;NO;NO SE;NO SE;NO SE;NO SE;NO;SI;NO SE;NO SE;NO SE;NO SE;;;SI;NO SE;NO SE;SI;;S;SI;;;;;;;;;;;;;1;13;;;;;;;;;1;13;;;;;;;;;;;;;Ribotril;14;1;;;;;;;;;;;1;;;;;1;;;;;;;Ribotril;;;;;;1;;;;;1;;;;;;;;;;SI;6;SI;11;
103;5;15;F;3;SI;SI;SI;NO SE;SI;SI;SI;NO SE;NO;SI;NO;SI;SI;SI;NO SE;NO SE;;;SI;SI;SI;SI;;S;;SI;;;;1;13;1;13;;;;;1;13;;;;;;;;;1;NC;;;;;;;;;;;;;;;1;;;;1;;;;1;;;1;;;;;;;;;;;;;;;1;;;1;;;;;;;;;;;;;;;;;;;
104;5;15;F;3;SI;SI;SI;SI;SI;SI;SI;NO SE;SI;SI;NO;SI;SI;NO SE;NO SE;NO SE;;;SI;SI;NO SE;SI;;S;SI;SI;;;;;;;;;;;;1;13;;;;;;;;;1;14;;;;;;;;;;;;;;;;;;;1;;;;;;;1;;;;;1;;;;;;;;;;;;;1;;;;;;;;;;;;;;;;;;;1-2 VECES AL MES
105;5;15;F;3;SI;SI;SI;NO SE;SI;SI;SI;NO SE;SI;SI;NO;SI;SI;NO SE;NO SE;NO SE;;;SI;SI;NO SE;NO SE;;S;;SI;;;;;;;;;;;;1;14;;;;;;;;;1;13;;;;;;;;;;;;;;;;;1;;;;;;;;;1;;;;;;;;;;;;;;;;;;;;;;;;;;;;;;;;;;;;;
106;5;15;F;3;SI;SI;SI;NO SE;NO SE;SI;NO SE;NO SE;NO SE;SI;NO;SI;NO;NO SE;SI;SI;;;SI;SI;NO SE;SI;;S;SI;SI;;;;;;;;;;;;1;14;;;;;;;;;1;14;;;;;;;;;;;;;;;;;;;1;;;;;;;1;;;;;;;;;;;;;;;;;;1;;;;;;;;;;;;;;;SI;6;;;
107;5;15;F;3;SI;SI;SI;SI;SI;SI;NO SE;SI;SI;SI;NO;SI;NO;NO SE;SI;SI;;;SI;SI;SI;SI;;S;SI;SI;;;;;;;;;;;;1;14-15;;;;;;;;;;;;;;;;;;;;;;;;;;;;;1;;;;;;;1;;;;;1;;;;;;;;;;;;;;;;;;;;;;;;;;;;;;;;
108;5;15;M;3;SI;SI;SI;SI;SI;SI;SI;SI;SI;SI;NO SE;SI;SI;SI;SI;SI;;;SI;SI;NO SE;SI;;S;SI;SI;;;;;;;;;;;;1;13;;;;;;;;;1;13;;;;;;;;;;;;;;;1;;;;;;;;;;;1;;;;;1;;;;;;;;;;;;;1;;;;;1;;;;;;;;;;SI;6, 11;;;
109;5;;;3;SI;SI;SI;NO;NO;SI;SI;NO SE;SI;;SI;NO;NO SE;SI;NO SE;;;;SI;SI;NO SE;SI;;S;SI;SI;;;;;;;;;;;;1;12;;;;;;;;;1;7;;;;;;;;;;;;;;;;;;;;SI;;;;;;;;;;;;;;;;;;;;;;;;;;;;;;;;;;;;;;;;;;;
110;5;15;M;3;SI;SI;SI;SI;SI;SI;SI;NO;SI;SI;NO SE;SI;SI;NO SE;SI;NO SE;;;SI;SI;NO SE;SI;;S;SI;SI;SI;;;1;12-13;1;14;;;;;1;11;;;1;15;;;;;1;12;;;1;14;;;1;15;;;;;;;;;;;1;;;1;1;;;1;;1;;;1;;1;;1;;;;;1;;;;1;;;;;;;;;;;;;;;;;SI;2, 6;
111;1;16;F;2;;;;;;;;;;;;;SI;;;;;;SI;;;SI;;;;SI;;;;1;NC;1;12;;;;;1;14;;;;;;;;;1;13;;;;;;;;;;;;;;;;;;;1;;;;1;;;1;;;;;1;;;;;;;;;;1;;;1;;;;;1;;;;;;;;SI;3;SI;6;SI;11;
112;1;15;F;2;;;;;;SI;;;;;;;;;;;;;SI;SI;SI;SI;;S;SI;SI;Amigos;;;;;1;14;;;;;1;13;;;;;;;;;1;13;;;;;;;;;;;;;;;;;;;1;Diversión con amigos;;;;;;1;;;;;;;;;;;;;;;;;;1;;;;;;;;;;;;;;;;;;;
113;1;16;F;2;SI;SI;SI;NO SE;NO SE;SI;SI;SI;SI;SI;NO;SI;SI;NO SE;NO SE;NO SE;;;SI;SI;NO SE;SI;;I;SI;SI;;;;;;;;;;;;1;15;;;;;;;;;1;14;;;;;;;;;;;;;;;;;;;1;;;;;;;1;;;;;1;;;;;;;;;;;;;;;;;;;;;;;;;;SI;NC;;;;;
114;1;16;F;2;NO SE;SI;SI;NO SE;NO SE;SI;NO SE;NO SE;NO;SI;NO;SI;SI;NO SE;NO SE;NO SE;;;SI;SI;NO SE;NO SE;;S;;SI;;;;;;;;;;;;1;12;;;;;;;;;1;12;;;;;;;;;;;;;;;;;;;1;;;;;;;1;;;;;;;;;;;;;;;;;;1;;;;;;;;;;;;;;;;;SI;6;
115;1;15;F;2;SI;SI;SI;SI;SI;SI;SI;SI;SI;SI;SI;SI;SI;SI;SI;SI;;;SI;NO;SI;NO SE;;I;;;En todos lados;;;;;;;;;;;1;13;;;;;;;;;1;14;;;;;;;;;;;;;;;;;;;;;;;;;;1;;;;;1;;;;;;;;;;;;;1;;;;;;;;;;;;;;;;;;;
116;1;14;F;2;SI;SI;SI;NO SE;;SI;SI;NO SE;SI;SI;NO;SI;SI;NO SE;NO SE;NO SE;;;;;;;;S;SI;SI;;;;;;;;;;;;1;13;;;;;;;;;1;12;;;;;;;;;;;;;;;1;;;;1;;;;;;;1;;;;;1;;;;;;;;;;;;;1;;;;;;;;;;;;;;;SI;6;;;
117;1;14;F;2;SI;SI;SI;NO SE;NO SE;SI;SI;SI;SI;SI;NO SE;SI;SI;NO SE;NO SE;NO SE;;;SI;SI;SI;SI;;S;SI;SI;SI;;;;;1;13;;;;;1;14;;;;;;;;;1;13;;;;;;;;;;;;;;;;;;;1;;;;;;;1;;;;;1;;;;;;;;;;;;;1;;;;;1;;;;;;;;;;SI;NC;;;
118;1;15;M;2;SI;SI;SI;;SI;SI;SI;SI;SI;SI;NO;SI;SI;NO SE;NO SE;NO SE;;;SI;SI;SI;SI;;S;SI;SI;SI;;;1;14;1;14-15;;;;;1;14-15;;;;;;;;;;;;;;;;;;;;;Lanza;NC;;;;;;;1;;;1;1;;;;;;;;;;;;;;1;1;;;1;;;;;;;;;;;;;;1;;;;;;SI;3;
119;1;14;F;2;SI;SI;SI;SI;SI;SI;SI;SI;SI;SI;NO;SI;SI;NO SE;NO SE;NO SE;;;SI;SI;SI;;;S;SI;;;;;;;;;;;;;1;14;;;;;;;;;1;10;;;;;;;;;;;;;;;;;;1;1;;;;;;;1;;;;;1;;;;;;;;;;;;;1;;;;;1;;;;;;;;SI;NC;;;;;
120;1;14;F;2;SI;SI;SI;SI;SI;SI;SI;SI;SI;SI;NO;SI;SI;NO SE;NO SE;NO SE;;;SI;SI;SI;SI;;S;SI;SI;;;;;;;;;;;;1;13;;;;;;;;;1;10;;;;;;;;;;;;;;;;;;1;1;;;;;;;1;;;;;1;;;;;;;;;;;;;1;;;;;1;;;;;;;;SI;NC;;;;;
121;1;15;F;2;SI;SI;SI;SI;SI;SI;NO SE;NO SE;NO SE;SI;NO SE;SI;SI;NO;NO SE;NO SE;;;SI;SI;SI;SI;;I;SI;;;;;;;1;NC;;;;;1;NC;;;;;;;;;1;NC;;;;;;;;;;;;;;;1;;;;1;;;;1;;;;;;;;;;;;;;;;;;;;;1;;;;;;;;;;;;;;;;;;;
122;1;15;F;2;SI;SI;NO SE;NO SE;NO SE;SI;SI;SI;NO SE;SI;NO;NO SE;SI;SI;NO SE;NO SE;;;SI;NO SE;SI;SI;;I;SI;;Psicólogo;;;;;1;NC;;;;;1;NC;;;;;;;;;1;NC;;;;;;;;;;;;;;;;;;;1;;;;1;;;1;;;;;;;;;;;;;;;1;;;1;;;;;;;;;;;;;;;;;SI;3, 6;
123;1;15;F;2;SI;SI;SI;NO SE;NO SE;SI;SI;SI;SI;SI;SI;SI;SI;SI;NO SE;NO SE;;;SI;SI;NO SE;SI;;S;SI;SI;En todo momento;;;;;;;;;;;1;13-14;;;;;;;;;;;;;;;;;;;;;;;;;;;;;1;;;;;;;1;;;;;;;;;;;;;;;;;;1;;;;;;;;;;;;;;;;;;;
124;1;16;M;2;SI;SI;SI;NO SE;SI;SI;NO SE;SI;NO SE;SI;NO;SI;SI;SI;NO;SI;;;SI;NO;NO;SI;;S;SI;;;;;1;13;1;13;;;;;1;12;;;;;;;;;1;12;;;;;;;;;;;;;;;1;;;;1;;;;;;;1;;;;;;;;;;;;;;;;;;1;;;;;;;;;;;;;;;;;SI;6;
125;1;13;F;2;SI;SI;SI;NO SE;NO SE;SI;NO SE;NO SE;SI;NO SE;SI;NO SE;NO SE;NO SE;NO SE;NO SE;;;SI;SI;SI;SI;;S;;;En todos lados;;;;;1;13;;;;;;;;;;;;;;;;;;;;;;;;;;;;;;;;;;;;;;;1;;;;;;;;;;;;;;;;;;;;;;;;;;;;;;;;;;;;SI;3;;;
126;1;13;F;2;SI;SI;SI;NO SE;NO SE;SI;SI;NO SE;SI;NO SE;;NO SE;NO SE;;NO SE;NO SE;;;;;;;;I;;SI;Lugares públicos;;;;;1;13;;;;;1;13;;;;;;;;;1;13;;;;;;;;;;;;;;;;;;;1;;;;1;;;1;;;;;1;;;;;;;;;;;;;;;;;;;;;;;;;;;;;;;;
127;1;;M;2;SI;SI;SI;SI;SI;SI;SI;SI;SI;SI;SI;SI;SI;SI;SI;SI;;;SI;SI;SI;SI;;S;SI;SI;;;;;;;;;;;;;;;;;;;;;;;;;;;;;;;;;;;;;;;;;;;;;;;;;;;;;;;;;;;;;;;;;;;;;;;;;;;;;;;;;;;;;;
128;1;14;F;2;SI;SI;SI;SI;SI;SI;SI;SI;SI;SI;SI;SI;SI;SI;SI;SI;;;SI;SI;NO;SI;;S;;SI;;;;;;;;;;;;1;12;;;;;;;;;1;12;;;;;;;;;;;;;;;;;;;;;;;;;;1;;;;;;;;;;;;;;;;;;1;;;;;;;;;;;;;;;;;;;
129;1;16;M;2;SI;SI;SI;SI;SI;SI;SI;SI;SI;SI;SI;SI;NO SE;NO SE;SI;SI;;;SI;SI;SI;;;I;SI;SI;Personas que pasan por esta situación;;;;;;;;;;;;;;;;;;;;;;;;;;;;;;;;;;;;;;;;;;;;;;;;;;;;;;;;;;;;;;;;;;;;;;;;;;;;;;;;;;;;;
130;1;15;M;2;NO SE;SI;SI;NO SE;NO SE;SI;NO SE;NO;NO SE;SI;NO SE;SI;NO SE;SI;NO SE;NO SE;;;SI;SI;SI;SI;;I;SI;;;;;;;;;;;;;1;13;;;;;;;;;1;13;;;;;;;;;;;;;;;;;;;1;;;;;;;1;;;;;1;;;;;;;;;;;;;1;;;;;1;;;;;;;;;;;;;;
131;1;14;M;2;SI;SI;SI;SI;SI;SI;SI;SI;SI;SI;NO SE;NO SE;SI;NO SE;NO SE;NO SE;;;SI;SI;SI;SI;;S;SI;SI;;;;;;;;;;;;1;13;;;;;;;;;1;12;;;;;;;;;;;;;;;;;;;;Porque quería;;;;;;1;;;;;1;;;;;;;;;;;;;1;;;;;1;;;;;;;;;;;;;;
132;1;15;M;2;SI;SI;NO SE;NO SE;NO SE;SI;SI;NO SE;SI;SI;NO;SI;SI;NO SE;NO SE;SI;;;SI;NO SE;SI;SI;;I;SI;SI;;;;;;;;;;;;;;;;;;;;;;1;NC;;;;;;;;;;;;;;;1;;;;;;;;;;;;;;;;1;;;;;;;;;;;;;;;;;;;;;;;;;;;;;;;;
133;1;15;M;2;SI;SI;NO SE;SI;SI;SI;SI;SI;SI;NO;NO;SI;NO;SI;NO;SI;Superman;;SI;NO;SI;;;S;;SI;Familiares;;;;;;;;;;;1;12;;;;;;;;;1;10;;;;;;;;;;;;;;;;;;1;1;;;;;;;1;;;;;1;;;;;;;;;;;;;1;;;;;1;;;;;;;;;;SI;NC;;;
134;1;14;M;2;SI;SI;NO;NO SE;NO SE;NO;SI;NO SE;SI;SI;NO;NO SE;SI;NO SE;NO SE;SI;;;SI;SI;NO SE;SI;;S;SI;SI;;;;;;;;;;;;;;;;;;;;;;1;13;;;;;;;;;;;;;;;;;;;;;;;;;;;;;;;1;;;;;;;;;;;;;;;;;;1;;;;;;;;;;SI;11;;;
135;1;15;F;2;SI;SI;SI;NO SE;NO SE;SI;NO SE;SI;SI;SI;NO SE;NO SE;SI;NO SE;NO SE;NO SE;;;SI;SI;SI;SI;;I;;SI;;;;;;;;;;;;;;;;;;;;;;;;;;;;;;;;;;;;;;;;;;;;;;;;;;;;;;;;;;;;;;;;;;;;;;;;;;;;;;;;;;;;;;
136;1;;F;2;SI;SI;SI;SI;SI;NO;NO SE;NO SE;SI;SI;NO;NO SE;SI;NO SE;NO SE;NO SE;;;SI;NO SE;NO SE;SI;;S;SI;;;;;;;;;;;;;1;13;;;;;;;;;1;13;;;;;;;;;;;;;;;;;;;;;;;;;;1;;;;;;;;;;;;;;;;;;1;;;;;;;;;;;;;;;;;;;
137;1;14;M;2;SI;NO;NO;SI;SI;SI;NO SE;NO SE;NO SE;SI;NO;SI;SI;NO SE;NO SE;NO SE;;;SI;SI;SI;SI;;S;SI;;;;;1;13;1;13;;;;;1;10;;;;;;;1;13;1;13;;;;;;;;;;;;;;;1;1;;;;;;1;1;;;1;;;;1;1;;;;;;;;;1;1;;;1;;;;1;1;;;;;;;;;;;;SI;2, 6, 10;
138;1;15;M;2;SI;NO;SI;NO SE;SI;SI;SI;NO SE;SI;SI;NO SE;SI;NO SE;SI;NO SE;NO SE;;;SI;NO SE;SI;SI;;S;SI;;;;;;;1;14;;;;;1;13;;;;;;;;;1;14;;;;;;;;;;;;;;;;;;;1;;;;1;;;1;;;;;1;;;;;;;;;;1;;;1;;;;;1;;;;;;;;;;SI;6;;;
139;1;14;F;2;SI;SI;SI;SI;SI;SI;SI;NO SE;SI;SI;NO;SI;SI;SI;NO SE;NO SE;;;SI;NO SE;SI;;;I;SI;SI;;1;12;1;14;1;13;;;;;1;13;1;14;;;;;;;1;12;;;;;;;;;;;;;;;1;1;;;;;1;1;1;;;1;;;;;1;;;;;;;;;;1;;;1;;;;;;;;;;;;;;;;;SI;6;
140;1;14;M;2;SI;SI;SI;SI;SI;SI;SI;SI;SI;SI;NO;SI;SI;SI;SI;SI;;;SI;SI;SI;SI;;S;;SI;;;;;;;;;;;;;;;;;;;;;;1;12;;;;;;;;;;;;;;;;;;;;1;;;;;;;;;;;1;;;;;;;;;;;;;;;;;;1;;;;;;;;;;;;;;
141;1;14;M;2;SI;SI;NO SE;NO;NO SE;SI;SI;NO SE;NO;SI;NO SE;NO;SI;NO SE;NO;SI;;;SI;NO SE;SI;SI;;I;;SI;;;;;;;;;;;;;;;;;;;;;;1;11;;;;;;;;;;;;;;;1;;;;;;;;;;;;;;;;;;;;;;;;;;;;;;;;;;1;;;;;;;;;;SI;11;;;
142;1;14;M;2;SI;SI;SI;NO SE;SI;NO;SI;NO SE;SI;SI;NO;SI;SI;NO;NO SE;SI;;;SI;SI;NO;NO;;I;SI;SI;SI;;;;;;;;;;;;;;;;;;;;;1;NC;;;;;;;;;;;;;;;;;;;1;;;;;;;;;;;;1;;;;;;;;;;;;;;;;;;;;;;;;;;;;;;;;
143;1;14;F;2;SI;SI;SI;NO SE;SI;SI;SI;SI;SI;SI;NO;NO SE;SI;SI;SI;NO SE;;;SI;SI;SI;SI;;S;SI;SI;;;;;;1;13;;;;;1;12;;;;;;;;;;;;;;;;;;;;;;;;;;;;;1;;;;;;;1;;;;;;;;;;;;;;;;;;1;;;;;;;;;;;;;;;;;;;
144;1;;F;2;SI;SI;SI;SI;SI;SI;SI;SI;SI;SI;NO;SI;SI;NO;NO SE;SI;;;SI;SI;NO SE;SI;;S;SI;SI;;;;;;;;;;;;1;NC;;;;;;;;;1;NC;;;;;;;;;;;;;;;;;;;1;;;;;;;;;;;;1;;;;;;;;;;;;;;;;;;;;;;;;;;;;;;;;
145;1;14;F;2;SI;SI;SI;NO SE;NO SE;SI;SI;NO SE;SI;;NO;SI;SI;NO;NO SE;NO SE;;;SI;NO;NO SE;SI;;I;;SI;;;;;;;;;;;;1;14;;;;;;;;;;;;;;;;;;;;;;;;;;;;;1;;;;;;;1;;;;;;;;;;;;;;;;;;;;;;;;;;;;;;;;;;;;;
146;1;14;F;2;SI;NO SE;NO SE;SI;SI;SI;SI;NO SE;SI;SI;NO;SI;NO SE;SI;NO SE;NO SE;;;SI;NO SE;SI;NO SE;;S;;SI;;;;;;;;;;;;;;;;;;;;;;1;14;;;;;;;;;;;;;;;;;;;;Por cansancio;;;;;;;;;;;;;;;;;;;;;;;;;;;;;;;;;;;;;;;;;;;
147;1;;M;2;SI;SI;SI;SI;SI;SI;SI;SI;SI;SI;SI;SI;SI;SI;SI;NO SE;Cualquier droga;Adictiva sin prescripción médica;SI;SI;SI;SI;;S;SI;SI;Círculo de amigos;;;1;14;1;14;;;;;1;12;;;;;;;;;1;9-10;;;;;;;;;;;;;;;;;;;1;;;;1;;;1;;;;;1;;;;;;;;;;;;;;;;;;1;;;;;;;;;;;;;;
148;1;14;M;2;SI;SI;SI;NO SE;NO SE;SI;NO SE;SI;SI;NO SE;SI;SI;NO SE;SI;SI;NO SE;;;SI;SI;NO SE;SI;;I;;SI;;;;;;1;13;;;;;;;;;;;;;;;1;12;;;;;;;;;;;;;;;;;;1;;;;;;;;;;;;;1;;;;;;;;;;;;;;;;;;;;;;;;;;;;;;;;
149;1;14;F;3;SI;SI;NO SE;NO SE;NO SE;SI;NO SE;NO SE;SI;SI;SI;SI;SI;NO SE;NO SE;NO SE;;;SI;NO SE;NO;NO SE;;I;NO;SI;;;;;;;;;;;;1;13;;;;;;;;;1;14;;;;;;;;;;;;;;;;;;;1;;;;;;;1;;;;;1;;;;;;;;;;;;;;;;;;;;;;;;;;;;;;;;
150;1;15;F;2;SI;SI;NO SE;NO SE;NO SE;SI;NO;NO;NO SE;SI;NO;NO SE;SI;NO SE;NO SE;NO SE;;;SI;NO SE;NO SE;SI;;I;SI;SI;;;;;;;;;;;;1;13;;;;;;;;;1;14;;;;;;;;;;;;;;;;;;;;Me sirven en fiestas familiares;;;;;;1;;;;;;;;;;;;;;;;;;;;;;;;;;;;;;;;;;;;;
151;1;;F;2;SI;SI;SI;NO SE;NO SE;SI;SI;SI;NO;SI;NO;SI;SI;NO SE;NO SE;SI;;;SI;SI;NO SE;SI;;S;NO;SI;;;;;;;;;;;;1;12;;;;;;;;;;;;;;;;;;;;;;;;;;;;1;1;;;;;;;;;;;;;;;;;;;;;;;;;;;;;;;;;;;;;;;;;;;;
152;1;15;M;2;SI;SI;SI;NO SE;NO SE;SI;I;NO SE;NO SE;SI;NO SE;NO SE;NO SE;NO SE;NO SE;NO SE;;;SI;SI;SI;SI;;S;SI;;;;;;;;;;;;;;;;;;;;;;;;;;;;;;;;;;;;;;;;;;;;;;;;;;;;;;;;;;;;;;;;;;;;;;;;;;;;;;;;;;;;;;;
153;1;15;M;2;SI;SI;SI;NO SE;NO SE;SI;SI;SI;SI;NO SE;NO;SI;NO SE;SI;SI;NO SE;;;SI;NO SE;SI;SI;;S;NO;SI;;;;;;;;;;;;;;;;;;;;;;1;;;;;;;;;;;;;;;;;;;;;1;;;;;;;;;;;1;;;;;;;;;;;;;;;;;;;;;;;;;;;;;;;;
154;1;15;F;2;SI;SI;SI;NO SE;NO SE;SI;NO SE;NO SE;NO SE;SI;SI;SI;SI;SI;NO SE;NO SE;;;SI;SI;NO;SI;;I;SI;SI;;;;;;;;;;;;1;14;;;;;;;;;;;;;;;;;;;;;;;;;;;;;1;;;;;;;;;;;;;;;;;;;;;;;;;1;;;;;;;;;;;;;;;SI;6;;;
155;1;14;F;2;SI;SI;SI;NO SE;NO SE;SI;SI;NO SE;SI;SI;NO;SI;SI;NO SE;NO SE;NO SE;;;SI;SI;SI;NO;;S;NO;SI;;;;;;;;;;;;;;;;;;;;;;;;;;;;;;;;;;;;;;;;;;;;;;;;;;;;;;;;;;;;;;;;;;;;;;;;;;;;;;;;;;;;;;
156;1;14;F;2;SI;SI;SI;NO SE;NO SE;SI;NO SE;NO SE;SI;SI;SI;NO SE;SI;SI;NO SE;NO SE;;;SI;SI;SI;SI;;I;SI;SI;;;;;;;;;;;;1;;;;;;;;;;;;;;;;;;;;;;;;;;;;;;;PORQUE QUERÍA;;;;;;1;;;;;;;;;;;;;;;;;;;;;;;;;;;;;;;;;;;;;
157;1;14;M;2;NO;SI;SI;NO SE;NO SE;SI;NO SE;NO SE;SI;SI;SI;NO;NO SE;NO SE;NO;SI;;;SI;NO;NO SE;SI;;S;SI;NO;;;;;;;;;;;;1;14;;;;;;;;;1;;;;;;;;;;;;;;;;;;;;1;;;;;;;1;;;;;1;;;;;;;;;;;;;1;;;;;1;;;;;;;;;;;;SI;11;
158;1;15;F;2;SI;SI;SI;NO SE;NO SE;SI;NO SE;SI;NO SE;NO SE;SI;SI;NO SE;NO SE;NO SE;NO SE;;;SI;NO SE;SI;SI;;I;NO;SI;;;;;;;;;;;;;;;;;;;;;;;;;;;;;;;;;;;;;;;;;;;;;;;;;;;;;;;;;;;;;;;;;;;;;;;;;;;;;;;;;;;;;;
159;1;15;M;2;SI;SI;SI;SI;SI;SI;SI;SI;SI;SI;SI;SI;NO SE;NO SE;NO SE;NO SE;;;SI;SI;SI;NO SE;;S;SI;SI;;;;;;;;;;;;;;;;;;;;;;;;;;;;;;;;;;;;;;;;;;;;;;;;;;;;;;;;;;;;;;;;;;;;;;;;;;;;;;;;;;;;;;
160;1;15;F;2;SI;SI;SI;NO SE;SI;SI;NO SE;NO SE;NO SE;SI;SI;SI;SI;SI;NO SE;NO SE;;;SI;SI;SI;SI;;I;SI;NO;;;;1;13;1;13;;;;;1;12;;;;;;;;;;1;;;1;15;;;;;;;;;;;1;1;;;;;;1;1;;;1;;;;;1;;1;;;;;;;1;1;;;1;;;;;;;1;;;;;;SI;2;SI;13;;;
161;1;14;F;2;SI;SI;SI;NO SE;NO SE;SI;SI;SI;SI;NO SE;NO ;NO;NO;NO SE;SI;NO SE;;;SI;NO SE;SI;SI;;I;SI;SI;;;;;;;;;;;;1;14;;;;;;;;;;1;;;;;;;;;;;;;;;;;;;1;;;;;;;1;;;;;1;;;;;;;;;;;;;1;;;;;1;;;;;;;;;;SI;6;;;
162;6;15;F;3;SI;SI;SI;NO SE;SI;NO;SI;SI;SI;NO SE;SI;SI;SI;SI;SI;NO SE;;;SI;NO SE;SI;SI;;S;SI;NO;;;;;;1;;;;;;1;;;;;;;;;;;;;;;;;;;;;;;;;;1;;;;1;;;;1;;;1;;;;;;;;;;;;;;;;;1;;;;;;;;;;;;;;;;SI;6;;;
163;6;15;F;3;SI;SI;SI;SI;SI;SI;SI;SI;SI;SI;SI;SI;SI;NO SE;NO SE;SI;;;SI;SI;SI;SI;;S;SI;SI;;;;;;;;;;;;1;15;;;;;;;;;1;15;;;;;;;;;;;;;;;;;;;1;;;;;;;;;;;;;;;;;;;;;;;;;1;;;;;;;;;;;;;;;SI;6;;;
164;6;15;F;3;SI;SI;SI;SI;SI;SI;NO SE;NO SE;NO;SI;NO;SI;NO SE;NO SE;NO SE;NO SE;;;SI;NO SE;NO;NO SE;;S;NO ;NO ;AMIGOS;;;;;;;;;;;1;12;;;;;;;;;;;;;;;;;;;;;;;;;;;;;1;;;;;;;;;;;;;;;;;;;;;;;;;;;;;;;;;;;;;;;;;;;;
165;6;15;M;3;SI;SI;SI;SI;SI;NO SE;SI;SI;NO SE;NO SE;NO ;SI;SI;NO SE;NO SE;SI;;;SI;NO;SI;SI;;I;SI;SI;;;;;;;;;;;;1;;;;;;;;;;1;;;;;;;;;;;;;;;;;;;;;SI;;;;;;1;;;;;1;;;;;;;;;;;;;1;;;;;1;;;;;;;;;;SI;6;;;
166;6;15;F;3;SI;SI;SI;SI;SI;SI;SI;SI;SI;SI;NO SE;SI;SI;SI;SI;SI;;;SI;SI;SI;SI;;I;SI;NO;;;;;;;;;;;;1;14;;;;;;;;;;;;;;;;;;;;;;;;;;;;1;1;;;;;;;1;;;;;;;;;;;;;;;;;;1;;;;;;;;;;;;;;;SI;6;;;
167;6;15;M;3;SI;SI;SI;SI;SI;SI;SI;SI;SI;SI;NO;SI;SI;NO;NO SE;SI;;;SI;SI;SI;SI;;S;;;CALLE;;;;;1;15;;;;;1;14;;;;;;;;;1;12;;;;;;;;;;;;;;;;;;;1;;;;1;;;1;;;;;;;;;;;;;;;1;;;1;;;;;;;;;;;;;;;;;SI;;
168;6;14;F;3;SI;SI;SI;SI;SI;NO;SI;SI;SI;SI;NO ;NO;SI;NO;SI;NO SE;;;SI;NO SE;NO SE;NO SE;;S;NO;SI;;;;;;;;;;;;1;12;;;;;;;;;1;10;;;;;;;;;;;;;;;;;;;;PORQUE ES RICO;;;;;;1;;;;;1;;;;;;;;;;;;;1;;;;;1;;;;;;;;;;SI;6;;;
169;6;15;F;3;SI;SI;SI;SI;SI;SI;SI;SI;SI;SI;NO SE;SI;SI;SI;SI;SI;;;SI;SI;SI;SI;;S;SI;SI;;;;;;;;;;;;1;14;;;;;;;;;;;;;;;;;;;;;;;;;;;;;1;;;;;;;1;;;;;;;;;;;;;;;;;;1;;;;;;;;;;;;;;;POCO;;;;
170;6;14;F;3;SI;SI;SI;NO SE;NO SE;NO;NO SE;NO SE;NO SE;SI;NO;NO;SI;SI;SI;NO SE;;;SI;NO;SI;SI;;I;SI;SI;;;;;;;;;;;;1;14;;;;;;;;;1;13;;;;;;;;;;;;;;;;;;;1;;;;;;;1;;;;;1;;;;;;;;;;;;;1;;;;;;;;;;;;;;;SI;6;;;
171;6;14;F;3;SI;SI;SI;SI;SI;SI;SI;SI;SI;SI;NO;SI;SI;SI;SI;SI;;;SI;SI;SI;SI;;S;NO;SI;;;;;;;;;;;;1;14;;;;;;;;;1;;;;;;;;;;;;;;;;;;;;1;;;;;;;1;;;;;1;;;;;;;;;;;;;1;;;;;1;;;;;;;;;;SI;6,11;;;
172;6;15;F;3;SI;SI;SI;NO SE;SI;SI;SI;SI;SI;SI;NO SE;NO SE;SI;SI;SI;NO SE;;;SI;SI;SI;SI;;S;SI;SI;;;;;;SI;;;;;;1;14;;;;;;;;;1;14;;;;;;;;;;;;;;;;;;;1;;;;1;;;1;;;;;1;;;;;;;;;;;;;1;;;;;;;;;;;;;;;SI;6;;;
173;6;15;M;3;SI;SI;SI;NO SE;SI;NO;NO SE;SI;NO SE;SI;NO ;SI;NO SE;SI;NO SE;NO SE;;;SI;SI;NO SE;SI;;S;SI;NO;;;;;;;;;;;;1;13;;;;;;;;;1;12;;;;;;;;;;;;;;;;;;;1;;;;;;;1;;;;;1;;;;;;;;;;;;;1;;;;;1;;;;;;;;;;SI;6;;;
174;6;15;M;3;SI;NO;SI;SI;SI;NO;SI;SI;SI;SI;NO;SI;SI;NO;NO SE;NO SE;;;SI;SI;NO SE;SI;;I;SI;SI;;;;1;14;1;14;;;;;1;13;;;;;;;;;1;10;;;;;;;;;;;;;;;;;;;1;SI;;1;1;;;1;;;;;1;;;;;;;;;;1;;;1;;;;;;;;;;;;;;;;;SI;6;
175;6;15;F;3;SI;SI;SI;SI;NO;SI;SI;NO SE;NO SE;SI;NO;SI;NO SE;NO;NO SE;NO SE;;;SI;NO;SI;SI;;S;NO;SI;CALLE MEDIOS;;;;;;;;;;;1;12;;;;;;;;;1;13;;;;;;;;;;;;;;;;;;;1;;;;;;;1;;;;;1;;;;;;;;;;;;;1;;;;;;;;;;;;;;;SI;6;;;
176;6;15;M;3;SI;SI;SI;SI;SI;SI;SI;SI;SI;SI;NO;SI;SI;SI;SI;SI;;;SI;SI;SI;SI;;I;SI;SI;;;;;;;;;;;;1;13;;;;;;;;;1;13;;;;;;;;;;;;;;;1;;;;;;;;;;;1;;;;;1;;;;;;;;;;;;;1;;;;;;;;;;;;;;;SI;6;;;
177;6;15;F;3;SI;SI;SI;SI;SI;SI;SI;SI;SI;SI;NO;SI;SI;NO;SI;SI;;;SI;SI;SI;SI;;I;SI;SI;;;;;;1;14;;;;;1;13;;;;;;;;;1;14;;;;;;;;;;;;;;;;;;;;ME PINTO;;;;;;1;;;;;;;;;;;;;;;;;;1;;;;;;;;;;;;;;;SI;6;;;
178;6;15;M;3;SI;SI;SI;SI;SI;SI;SI;SI;SI;SI;SI;SI;SI;SI;SI;SI;;;SI;SI;SI;NO SE;;I;NO;SI;;;;1;13;;;;;;;1;13;;;;;;;;;1;10;;;;;;;;;;;;;;;;;;;1;;;;;;;1;;;;;1;;;;;;;;;;;;;1;;;;;1;;;;;;;;;;SI;;;;
179;6;15;M;3;SI;SI;SI;SI;SI;SI;SI;SI;SI;SI;NO;SI;SI;SI;SI;SI;;;SI;SI;SI;SI;;I;SI;SI;TODOS LADOS;;;;;;;;;;;1;12;;;;;;;;;1;11;;;;;;;;;;;;;;;1;1;1;1;1;;;;;;;1;;;;;;;;;;;;;;;;;;1;;;;;;;;;;;;;;;;;;;
180;6;15;M;3;SI ;SI;SI;NO SE;NO SE;NO SE;SI;SI;SI;SI;SI;SI;SI;SI;SI;SI;;;SI;SI;SI;SI;;S;SI;;;;;;;;;;;;;;;;;;;;;;;;;;;;;;;;;;;;;;;;;;;;;;;;;;;;;;;;;;;;;;;;;;;;;;;;;;;;;;;;;;;;;;;
181;6;14;M;3;SI;SI;SI;NO SE;NO SE;SI;SO;SI;SI;SI;NO;SI;NO;NO;NO;NO;;;SI;SI;SI;SI;;S;NO;SI;;;;;;;;;;;;1;;;;;;;;;;;;;;;;;;;;;;;;;;;;;;;;;;;;;1;;;;;;;;;;;;;;;;;;1;;;;;;;;;;;;;;;;;;;
182;6;15;F;3;SI;SI;SI;SI;SI;SI;SI;SI;SI;SI;SI;SI;SI;SI;SI;NO SE;;;SI;SI;SI;SI;;S;NO;SI;;;;;;;;;;;;1;14;;;;;;;;;;;;;;;;;;;;;;;;;;;;;;;;;;;;1;;;;;;;;;;;;;;;;;;1;;;;;;;;;;;;;SI;6;;;;;
183;6;15;F;3;SI;SI;SI;SI;SI;SI;SI;SI;SI;SI;NO;SI;SI;SI;NO SE;SI;;;SI;SI;SI;SI;;S;SI;SI;;;;;;;;;;;;1;13;;;;;;;;;1;14;;;;;;;;;;;;;;;;;;;1;;;;;;;1;;;;;1;;;;;;;;;;;;;1;;;;;;;;;;;;;;;SI;6;;;
184;6;15;F;3;SI;SI;SI;SI;SI;NO;NO SE;SI;SI;SI;NO;SI;SI;SI;NO SE;NO SE;;;SI;SI;SI;SI;;S;SI;SI;;;;;;;;;;;;1;15;;;;;;;;;;;;;;;;;;;;;;;;;;;;;1;;;;;;;1;;;;;;;;;;;;;;;;;;1;;;;;;;;;;;;;;;SI;6;;;
185;6;15;F;3;SI;SI;SI;SI;SI;SI;SI;SI;SI;SI;SI;SI;SI;SI;SI;SI;;;SI;SI;SI;SI;;S;SI;NO;;;;1;14;1;14;;;;;1;12;;;;;;;;;1;12;;;;;;;;;;;;;;;;;;;1;PORQUE ME GUSTA;;1;1;;;1;;;;;1;;;;;;;;;1;1;;;1;;;;;1;;;;;;;;SI;3;SI;2,6;;;
186;6;15;F;3;SI;SI;SI;SI;SI;SI;SI;SI;SI;SI;SI;SI;SI;SI;SI;SI;;;SI;SI;SI;SI;;;NO;SI;;;;;;1;15;;;;;1;14;;;;;;;;;1;13;;;;;;;;;;;;;;;;;;;;ME GUSTA;;;1;;;1;;;;;1;;;;;;;;;;1;;;1;;;;;1;;;;;;;;;;SI;3,6;;;
187;6;15;M;3;SI;SI;SI;SI;SI;SI;SI;SI;SI;SI;SI;SI;SI;SI;SI;SI;;;SI;SI;SI;SI;;S;SI;NO;;;;;;;;;;;;1;11;;;;;;;;;1;10;;;;;;;;;;;;;;;;;;;1;;;;;;;1;;;;;;;;;;;;;;;;;;1;;;;;;;;;;;;;;;SI;6;;;
188;6;15;F;3;SI;SI;SI;SI;SI;SI;SI;SI;SI;SI;SI;SI;NO SE;SI;NO SE;NO SE;;;SI;SI;NO SE;NO SE;;S;;;;;;;;;;;;;;1;14;;;;;;;;;1;12;;;;;;;;;;;;;;;;;;;1;;;;;;;1;;;;;;;;;;;;;;;;;;1;;;;;;;;;;;;;;;SI;6;;;
189;6;15;F;3;SI;SI;SI;SI;SI;SI;NO SE;NO SE;SI;SI;NO SE;NO SE;SI;SI;NO SE;SI;;;SI;SI;SI;NO SE;;S;SI;NO;;;;;;;;;;;;;;;;;;;;;;;;;;;;;;;;;;;;;;;;;;;;;;;;;;;;;;;;;;;;;;;;;;;;;;;;;;;;;;;;;;;;;;
190;6;16;M;3;SI;NO;SI;NO SE;SI;NO;SI;SI;SI;SI;NO ;SI;NO SE;NO;SI;NO SE;;;SI;SI;NO SE;SI;;S;;;SI;;;1;15;1;14;;;;;1;14;;;;;;;;;1;12;;;;;1;14;;;;;;;;;;;1;;1;;;1;1;;;1;;;;;1;;;1;;;;;;;1;;;1;;;;;1;;;1;;;;;;;SI;6,11,14;;;
191;6;15;M;3;SI;NO;SI;NO SE;SI;NO;SI;SI;SI;SI;NO ;SI;NO SE;NO;SI;NO SE;;;SI;SI;NO SE;SI;;S;NO ;SI;;;;1;14;1;13;;;;;1;11;;;;;;;;;1;12;;;1;13;;;;;;;;;;;;;;;1;;;1;1;;;1;;;;;1;;;;;;;;;;1;;;1;;;;;1;;;;;;;;;;SI;3,13;SI;6;
192;6;15;M;3;SI;SI;NO;NO SE;NO SE;NO SE;NO SE;SI;NO;NO SE;NO SE;NO SE;SI;SI;NO SE;NO SE;;;SI;NO ;SI;SI;;I;NO ;SI;;;;;;;;;;;;1;13;;;;;;;;;1;13;;;;;;;;;;;;;;;;;;;1;;;;;;;1;;;;;;;;;;;;;;;;;;1;;;;;;;;;;;;;;;;;SI;6;
193;6;15;F;3;SI;SI;SI;SI;SI;SI;NO;SI;NO SE;SI;NO;NO;SI;SI;SI;NO;;;SI;SI;NO SE;SI;;;SI;NO;;;;;;;;;;;;;;;;;;;;;;;;;;;;;;;;;;;;;;;;;;;;;;;;;;;;;;;;;;;;;;;;;;;;;;;;;;;;;;;;;;;;;;
194;6;15;M;3;SI;SI;SI;SI;SI;SI;NO SE;SI;SI;SI;SI;SI;SI;NO SE;NO SE;SI;;;SI;SI;SI;SI;;S;NO ;SI;CALLE;;;;;;;;;;;1;15;;;;;;;;;;;;;;;;;;;;;;;;;;;;;1;;;;;;;1;;;;;1;;;;;;;;;;;;;;;;;;;;;;;;;;;;;;;;
195;6;15;F;3;SI;SI;SI;NO SE;NO SE;SI;SI;SI;SI;SI;SI;SI;SI;NO SE;NO SE;NO SE;;;SI;SI;SI;SI;;S;SI;SI;;;;;;;;;;;;1;14;;;;;;;;;;;;;;;;;;;;;;;;;;;;;1;;;;;;;1;;;;;;;;;;;;;;;;;;;;;;;;;;;;;;;;;;;;;
196;6;15;F;3;SI;SI;SI;NO SE;NO SE;SI;NO SE;NO;SI;SI;NO;SI;SI;SI;NO SE;NO SE;;;SI;NO;SI;SI;;I;SI;NO;;;;;;;;;;;;1;14;;;;;;;;;1;12;;;;;;;;;;;;;;;;;;;1;;;;;;;1;;;;;1;;;;;;;;;;;;;;;;;;;;;;;;;;;;;;;;
197;6;15;F;3;SI;SI;SI;SI;SI;NO;SI;SI;SI;SI;SI;SI;SI;SI;SI;SI;;;SI;NO SE;NO SE;SI;;S;NO;SI;;;;;;;;;;;;1;;;;;;;;;;;;;;;;;;;;;;;;;;;;;;1;;;;;;;1;;;;;;;;;;;;;;;;;;1;;;;;;;;;;;;;;;MENOS;6;;;
198;6;16;F;3;SI;SI;SI;NO SE;NO SE;NO SE;NO SE;NO SE;SI;SI;NO ;SI;NO SE;NO SE;NO SE;NO SE;;;SI;NO SE;NO SE;NO SE;;S;SI;NO;;;;;;;;;;;;1;14;;;;;;;;;1;14;;;;;;;;;;;;;;;1;;;;;;;;;;;1;;;;;1;;;;;;;;;;;;;1;;;;;;;;;;;;;;;;;SI;6;
199;6;14;M;3;SI;SI;SI;NO SE;NO SE;SI;SI;SI;NO SE;SI;NO;SI;SI;NO SE;NO SE;NO SE;;;SI;SI;SI;SI;;;SI;NO;;;;;;;;;;;;1;;;;;;;;;;;;;;;;;;;;;;;;;;;;;;;;;;;;;1;;;;;;;;;;;;;;;;;;1;;;;;;;;;;;;;;;SI;6;;;
200;6;15;M;3;NO SE;SI;I;NO SE;NO SE;NO;NO SE;NO;NO SE;SI;NO;SI;SI;NO;NO SE;NO SE;;;SI;SI;NO;SI;;S;SI;NO;;;;;;;;;;;;1;13;;;;;;;;;1;13;;;;;;;;;;;;;;;;;;;1;;;;;;;1;;;;;1;;;;;;;;;;;;;1;;;;;;;;;;;;;;;SI;6;;;
201;6;15;M;3;SI;SI;SI;NO SE;SI;NO SE;SI;SI;SI;SI;NO SE;SI;NO;NO;NO SE;NO;;;SI;NO SE;NO SE;SI;;S;NO;SI;;;;;;;;;;;;1;14;;;;;;;;;1;14;;;;;;;;;;;;;;;1;;;;1;;;;;;;1;;;;;;;;;;;;;;;;;;;;;;;;;;;;;;;;;;;;;
202;6;15;F;3;SI;SI;SI;NO SE;NO SE;SI;SI;SI;SI;SI;NO;NO SE;SI;SI;NO SE;NO SE;;;SI;SI;SI;SI;;S;SI;SI;;;;;;1;;;;;;1;13;;;;;;;;;1;12;;;;;;;;;;;;;;;1;;;;1;;;;;;;1;;;;;1;;;;;;;;;;;;;1;;;;;;;;;;;;;;;SI;6;;;
203;6;15;M;3;SI;SI;NO SE;NO SE;NO SE;SI;SI;SI;SI;NO SE;NO;SI;NO SE;NO;NO SE;NO SE;;;SI;SI;SI;SI;;I;SI;NO;;;;;;;;;;;;;;;;;;;;;;;;;;;;;;;;;;;;;;;;;;;;;;;;;;;;;;;;;;;;;;;;;;;;;;;;;;;;;;;;;;;;;;
204;6;15;M;3;SI;SI;SI;NO SE;SI;NO;NO SE;SI;NO;SI;NO SE;SI;SI;NO;NO;NO SE;;;SI;SI;NO SE;SI;;S;SI;SI;;;;;;;;;;;;1;10;;;;;;;;;1;11;;;;;;;;;;;;;;;;;;;;;;;;;;1;;;;;1;;;;;;;;;;;;;1;;;;;;;;;;;;;;;SI;6;;;
205;6;15;M;3;SI;SI;SI;NO SE;NO SE;SI;SI;NO SE;SI;SI;NO SE;SI;SI;NO SE;NO SE;NO SE;;;SI;NO SE;SI;SI;;S;NO;SI;CIUDADES;;;;;;;;;;;1;13;;;;;;;;;1;15;;;;;;;;;;;;;;;;;;;1;;;;;;;1;;;;;1;;;;;;;;;;;;;1;;;;;1;;;;;;;;;;UNA VEZ AL MES;6,11;;;
206;6;14;F;3;SI;SI;SI;NO SE;NO SE;SI;NO SE;SI;SI;SI;NO SE;SI;SI;NO SE;NO SE;SI;;;SI;SI;SI;SI;;S;SI;NO;;;;;;;;;;;;;;;;;;;;;;;;;;;;;;;;;;;;;;;;;;;;;;;;;;;;;;;;;;;;;;;;;;;;;;;;;;;;;;;;;;;;;;
207;6;15;F;3;SI;SI;SI;SI;SI;SI;NO SE;SI;SI;SI;NO SE;SI;SI;SI;NO;NO SE;;;SI;SI;SI;SI;;S;SI;SI;;;;;;;;;;;;;;;;;;;;;;;;;;;;;;;;;;;;;;;;;;;;;;;;;;;;;;;;;;;;;;;;;;;;;;;;;;;;;;;;;;;;;;
208;6;15;F;3;SI;SI;;;;;;;;;;SI;;SI;;;;;SI;SI;SI;SI;;S;SI;SI;;;;;;;;;;;;1;13;;;;;;;;;;;;;;;;;;;;;;;;;;;;;1;;;;;;;1;;;;;;;;;;;;;;;;;;1;;;;;;;;;;;;;;;SI;6;;;
209;6;15;M;3;SI;NO SE;SI;NO SE;SI;NO;SI;NO SE;NO SE;SI;NO;NO SE;SI;SI;NO SE;NO SE;;;SI;NO SE;NO SE;NO;;S;SI;NO;;1;15;1;14;1;15;;;;;1;12;;;;;;;;;1;11;1;15;;;;;;;;;;;;;;;1;;;;;;;;;;;;;;;;;;;;;;;;;;;;;;;;;;;;;;;;;;;;;;
210;6;;F;3;;;SI;;;;;;SI;;;;;;;;;;SI;NO SE;NO SE;;;I;;;PERSONAL;;;;;;;;;;;;;;;;;;;;;;;;;;;;;;;;;;;;;;;;;;;;;;;;;;;;;;;;;;;;;;;;;;;;;;;;;;;;;;;;;;;;;
211;6;15;F;3;SI;SI;SI;NO SE;NO SE;NO;SI;SI;NO SE;SI;NO;NO SE;NO;SI;NO SE;NO SE;;;SI;SI;SI;SI;;S;SI;NO;;;;;;1;15;;;;;1;14;;;;;;;;;1;13;;;;;;;;;;;;;;;;;;;1;;;;1;;;1;;;;;1;;;;;;;;;;;;;1;;;;;1;;;;;;;;;;;;;;
212;6;15;F;3;NO;NO;NO SE;NO;NO;NO SE;NO;NO;NO;NO;NO SE;SI;NO;NO;NO;NO;;;SI;SI;SI;SI;;S;SI;SI;;;;;;1;13;;;;;1;13;;;;;;;;;;;;;;;;;;;;;;;;;;;;;;ANSIEDAD DEPRESION;;;1;;;1;;;;;;;;;;;;;;;;;;1;;;;;;;;;;;;;;;SI;6;;;
213;6;15;M;3;SI;SI;SI;NO SE;NO SE;SI;SI;NO SE;SI;NO SE;NO;SI;NO SE;SI;NO SE;NO SE;;;SI;SI;SI;SI;;S;SI;SI;;;;;;;;;;;;1;14;;;;;;;;;1;13;;;;;;;;;;;;;;;;;;;1;;;;;;;;;;;;1;;;;;;;;;;;;;;;;;;;;;;;;;;;;;;;;
214;6;;M;3;SI;SI;SI;NO SE;SI;SI;SI;NO;NO SE;SI;NO;SI;NO SE;NO SE;NO SE;NO SE;;;SI;SI;SI;SI;;I;SI;NO;SI;;;;;;;;;;;;;;;;;;;;;;;;;;;;;;;;;;;;;;;;;;;;;;;;;;;;;;;;;;;;;;;;;;;;;;;;;;;;;;;;;;;;;
215;6;15;F;3;SI;SI;SI;NO SE;NO SE;SI;NO SE;NO SE;SI;SI;NO;SI;NO SE;NO SE;NO SE;NO SE;;;SI;NO;NO;SI;;I;SI;NO;;;;;;;;;;;;1;;;;;;;;;;1;;;;;;;;;;;;;;;;1;;;;1;;;;;;;1;;;;;1;;;;;;;;;;;;;1;;;;;;;;;;;;;;;SI;6;;;
216;6;15;M;3;SI;SI;SI;NO SE;NO SE;SI;SI;SI;NO SE;SI;NO;NO;NO;NO;NO;NO;;;SI;SI;NO;SI;;S;SI;NO;;;;;;;;;;;;1;14;;;;;;;;;1;13;;;;;;;;;;;;;;;1;;;;1;;;;;;;1;;;;;1;;;;;;;;;;;;;;;;;;1;;;;;;;;;;;;;;
217;6;15;F;3;SI;SI;NO;;;SI;NO SE;SI;NO SE;;NO SE;SI;;;;;;;SI;;SI;SI;;S;SI;SI;;;;;;1;14;;;;;1;14;;;;;;;;;1;14;;;;;;;;;;;;;;;;;;;1;;;;1;;;1;;;;;1;;;;;;;;;;1;;;1;;;;;1;;;;;;;;;;SI;3,6;;;
218;6;15;F;3;SI;SI;NO SE;;NO SE;SI;NO SE;NO SE;SI;NO SE;NO ;NO SE;NO;NO SE;NO SE;NO SE;;;SI;NO;SI;SI;;S;SI;NO;;;;;;1;;;;;;1;;;;;;;;;;1;;;;;;;;;;;;;;;;;;;;1;;;;;;;1;;;;;;;;;;;;;;;;;;1;;;;;;;;;;;;;;;SI;6;;;
219;6;15;F;3;SI;SI;SI;NO SE;NO SE;SI;SI;SI;SI;SI;NO;SI;SI;SI;SI;NO SE;;;SI;SI;SI;SI;;S;SI;NO;;;;;;1;14;;;;;1;14;;;;;;;;;1;14;;;;;;;;;;;;;;;;;;;1;;;;;;;1;;;;;;;;;;;;;;;;;;1;;;;;;;;;;;;;;;SI;6;;;
220;6;14;F;3;;;NO SE;;;NO;;;;;;;;;;;;;SI;;;SI;;S;SI;;CENTROS AYUDA;;;;;1;14;;;;;1;4;;;;;;;;;1;13;;;;;;;;;;;;;;;;;;;1;;;;1;;;1;;;;;;;;;;;;;;;1;;;;;;;;;;;;;;;;;;SI;3;;;
221;6;16;F;3;SI;SI;SI;NO;NO SE;SI;NO SE;SI;SI;SI;SI;SI;;SI;NO;NO SE;;;SI;SI;SI;SI;;S;SI;NO;;;;;;1;13;;;;;1;11;;;;;;;;;1;12;;;;;;;;;;;;;;;;;;;1;;;;1;;;1;;;;;1;;;;;;;;;;1;;;1;;;;;1;;;;;;;;SI;;;;;;
222;6;15;M;3;NO;NO;NO;NO;NO;SI;NO;NO;NO;NO;SI;NO;NO;NO;NO;NO;;;SI;SI;NO SE;SI;;S;SI;SI;;;;;;;;;;;;1;15;;;;;;;;;;;;;;;;;;;;;;;;;;;;;1;;;;;;;1;;;;;;;;;;;;;;;;;;;;;;;;;;;;;;;;;;;;;
223;6;16;F;3;SI;SI;SI;NO SE;NO SE;SI;NO SE;NO SE;SI;SI;NO SE;SI;SI;NO SE;NO SE;NO SE;;;SI;SI;NO SE;SI;;S;SI;NO ;;;;;;1;15;;;;;1;14;;;;;;;;;1;;;;;;;;;;;;;;;;;;;;1;;;;1;;;1;;;;;1;;;;;;;;;;1;;;1;;;;;1;;;;;;;;;;SI;;;;
224;6;15;F;3;SI;SI;SI;NO SE;NO SE;SI;SI;NO SE;SI;SI;SI;NO SE;SI;SI;NO SE;NO SE;;;SI;NO SE;NO SE;SI;;S;SI;NO ;;;;;;1;11;;;;;1;11;;;;;;;;;1;12;;;;;;;;;;;;;;;1;;;;1;;;;;;;1;;;;;;;;;;;;;;;;;;;;;;;;;;;;;;;;;;;;;
225;6;15;M;3;SI;SI;SI;NO SE;SI;SI;SI;SI;SI;SI;SI;SI;SI;SI;SI;SI;;;SI;SI;SI;SI;;S;SI;SI;;;;;;;;;;;;1;14;;;;;;;;;1;13;;;;;;;;;;;;;;;;;;;1;;;;;;;1;;;;;;;;;;;;;;;;;;1;;;;;;;;;;;;;;;MENOS;6;;;
226;6;15;F;3;SI;SI;SI;NO SE;SI;SI;NO SE;SI;SI;SI;NO SE;SI;NO SE;NO SE;NO SE;NO SE;;;SI;SI;SI;SI;;S;SI;SI;;;;;;1;15;;;;;1;14;;;;;;;;;1;13;;;;;;;;;;;;;;;;;;;1;;;;1;;;1;;;;;1;;;;;;;;;;;;;1;;;;;1;;;;;;;;SI;6;;;;;
227;6;15;M;3;SI;SI;SI;NO SE;NO SE;SI;SI;NO SE;SI;SI;SI;SI;SI;SI;NO SE;NO SE;;;SI;SI;NO;SI;DEPORTIVOS;I;SI;SI;VIA PUBLICA;;;1;15;1;15;;;;;1;12;;;;;;;;;1;12;;;;;;;;;;;;;;;;;1;;1;;;1;1;;;1;;;;;1;;;;;;;;;;;;;1;;;;;;;;;;;;;;;SI;6;;;
228;6;15;M;3;SI;SI;SI;NO SE;NO SE;NO SE;SI;SI;SI;SI;NO;SI;SI;NO SE;NO SE;SI;;;SI;SI;NO SE ;SI ;DEPORTIVOS;S;SI;SI;CLUBES;;;1;15;;;;;;;1;13;;;;;;;;;1;12;;;;;;;;;;;;;;;;;1;;1;;;1;;;;1;;;;;1;;;;;;;;;;;;;1;;;;;;;;;;;;;;;SI;6;;;
229;6;15;M;3;SI;SI;SI;NO SE;SI;SI;NO SE;NO;NO SE;SI;NO;NO;SI;NO SE;NO SE;NO SE;;;SI;SI;SI;SI;;I;NO;SI;;;;;;;;;;;;1;14;;;;;;;;;;;;;;;;;;;;;;;;;;;;;1;;;;;;;1;;;;;;;;;;;;;;;;;;;;;;;;;;;;;;;;;;;;;
230;6;15;M;3;SI;SI;SI;NO SE;NO SE;SI;SI;NO SE;SI;NO SE;SI;NO SE;NO SE;NO SE;NO SE;NO SE;;;SI;NO SE;SI;SI;;S;SI;SI;AMIGOS;;;;;;;;;;;1;14;;;;;;;;;1;13;;;;;;;;;;;;;;;;;;;1;;;;;;;1;;;;;1;;;;;;;;;;;;;1;;;;;;;;;;;;;;;;;SI;6;
231;6;15;M;3;SI;SI;SI;SI;SI;SI;SI;SI;SI;SI;SI;SI;NO;SI;NO SE;NO SE;;;SI;NO SE;SI;SI;;;SI;SI;;;;;;;;;;;;1;12;;;;;;;;;1;13;;;;;;;;;;;;;;;;;;;1;;;;;;;1;;;;;;;;;;;;;;;;;;1;;;;;;;;;;;;;;;SI;6;;;
232;6;15;M;3;SI;SI;SI;NO SE;NO SE;SI;SI;NO SE;NO SE;NO SE;NO SE;NO;SI;NO SE;NO SE;NO SE;;;SI;NO SE;SI;SI;;S;SI;NO;;;;;;;;;;;;1;11;;;;;;;;;1;13;;;;;;;;;;;;;;;;;;;1;;;;;;;1;;;;;1;;;;;;;;;;;;;1;;;;;;;;;;;;;;;;;;;
233;6;15;M;3;SI;SI;SI;NO SE;SI;SI;SI;SI;SI;SI;NO SE;SI;SI;SI;NO SE;NO SE;;;SI;NO SE;SI;SI;;S;SI;SI;;;;;;;;;;;;1;13;;;;;;;;;1;12;;;;;;;;;;;;;;;;;;;1;;;;;;;1;;;;;;;;;;;;;;;;;;1;;;;;;;;;;;;;;;;;;;
234;6;14;M;3;SI;SI;SI;NO SE;NO SE;SI;NO SE;SI;SI;NO SE;SI;SI;SI;NO SE;NO SE;NO SE;;;SI;SI;SI;SI;;S;SI;NO;;;;;;;;;;;;1;12;;;;;;;;;1;12;;;;;;;;;;;;;;;;;;;1;;;;;;;1;;;;;1;;;;;;;;;;;;;;;;;;;;;;;;;;;;;;;;
235;6;15;M;3;SI;SI;SI;NO SE;NO SE;NO SE;SI;NO SE;NO;NO SE;SI;SI;SI;SI;NO SE;NO SE;;;SI;NO SE;NO;SI;;S;SI;NO;;;;;;1;13;;;;;1;14;;;;;;;;;;;;;;;;;;;;;;;;;;;;;;GUSTO;;;;;;1;;;;;1;;;;;;;;;;;;;1;;;;;1;;;;;;;;;;SI;;;;
236;6;14;M;3;SI;SI;SI;NO SE;SI;SI;SI;SI;SI;SI;NO;SI;NO SE;NO SE;NO SE;NO SE;;;SI;NO ;SI;SI;;S;NO;SI;;;;1;14;1;14;;;;;1;13;;;;;;;;;1;12;;;;;;;;;;;;;;;;;;;1;;;1;1;;;1;;;;;1;;;;;;;;;1;;;;1;;;;;1;;;;;;;;SI;;;;;;
237;6;15;M;3;NO;NO;SI;NO;NO;NO;NO;NO;NO;NO;NO;NO;NO;NO;NO;NO;;;SI;SI;NO SE;NO SE;;S;SI;NO;;;;;;1;14;;;;;1;14;;;;;;;;;1;12;;;;;;;;;;;;;;;;;;;1;;;;1;;;1;;;;;1;;;;;;;;;;;;;1;;;;;;;;;;;;;;;SI;6;;;
238;6;15;F;3;SI;SI;SI;NO SE;NO SE;NO;NO SE;NO SE;NO SE;NO SE;NO;NO SE;SI;NO SE;NO SE;NO SE;;;SI;SI;NO;;;S;SI;SI;;;;;;;;;;;;;;;;;;;;;;1;;;;;;;;;;;;;;;;;;1;;;;;;;;;;;;;;;;;;;;;;;;;;;;;;;;;;;;;;;;;;;;;;
239;6;15;M;3;SI;SI;SI;SI;SI;SI;NO;NO;NO;NO;NO;NO;SI;SI;SI;SI;;;SI;SI;SI;NO;;S;SI;NO;;;;;;;;;;;;1;14;;;;;;;;;1;14;;;;;;;;;;;;;;;;;;;1;;;;;;;1;;;;;1;;;;;;;;;;;;;1;;;;;1;;;;;;;;;;SI;;;;
240;6;15;M;3;SI;SI;SI;SI;SI;NO;SI;SI;SI;SI;NO;SI;SI;SI;SI;SI;;;SI;NO SE;SI;SI;;S;SI;NO;;;;;;;;;;;;1;14;;;;;;;;;1;13;;;;;;;;;;;;;;;;;;;1;;;;;;;1;;;;;1;;;;;;;;;;;;;1;;;;;1;;;;;;;;;;SI;6;;;
241;6;15;F;3;SI;SI;SI;SI;SI;SI;SI;NO SE;SI;SI;NO;SI;NO;SI;NO SE;NO SE;;;SI;SI;SI;SI;;S;NO;SI;;;;;;;;;;;;1;14;;;;;;;;;1;14;;;;;;;;;;;;;;;;;;;;;;;;;;1;;;;;1;;;;;;;;;;;;;1;;;;;;;;;;;;;;;SI;6;;;
242;6;16;F;3;SI;SI;SI;SI;SI;NO;SI;SI;SI;SI;SI;SI;SI;SI;SI;SI;;;SI;SI;SI;SI;;S;SI;SI;;;;;;1;15;;;;;1;14;;;;;;;;;1;12;;;;;;;;;;;;;;;;;;;1;;;;;;;1;;;;;;;;;;;;;;;;;;1;;;;;;;;;;;;;;;SI;6;;;
243;6;15;M;3;SI;NO;NO;SI;SI;NO;SI;SI;SI;SI;NO;SI;SI;NO;SI;SI;;;SI;SI;SI;SI;;I;SI;SI;;;;;;;;;;;;1;13;;;;;;;;;1;9;;;;;;;;;;;;;;;1;;;;;;;;;;;1;;;;;1;;;;;;;;;;;;;1;;;;;1;;;;;;;;;;SI;;;;
244;6;15;M;3;SI;SI;SI;NO SE;SI;SI;NO SE;NO SE;SI;SI;NO ;NO;NO SE;NO SE;NO SE;NO;;;SI;SI;NO SE;SI;;I;NO;SI;;1;15;;;;;;;;;1;13;;;;;;;;;1;9;;;;;;;;;;;;;;;;;;1;;;;;;;;1;;;;;1;;;;;;;;;;;;;1;;;;;;;;;;;;;;;SI;6;;;
245;6;15;F;3;SI;SI;SI;;;;SI;;SI;;;SI;;;;;;;SI;NO SE;SI;SI;;I;SI;SI;;;;;;1;;;;;;1;15;;;;;;;;;1;;;;;;;;;;;;;;;;;;;;1;;;;;;;1;;;;;;;;;;;;;;;;;;1;;;;;;;;;;;;;SI;6;;;;;
246;6;15;F;3;SI;SI;SI;NO SE;SI;SI;SI;SI;SI;SI;NO;SI;NO SE;NO SE;;;;;SI;SI;SI;SI;;I;SI;SI;;;;;;1;14;;;;;1;14;;;;;;;;;1;13;;;;;;;;;;;;;;;;;;1;1;;;;;;;1;;;;;;;;;;;;;;;;;;1;;;;;;;;;;;;;SI;6;;;;;
247;6;15;F;3;SI;SI;SI;SI;SI;SI;SI;SI;SI;SI;SI;SI;SI;SI;SI;SI;;;SI;NO SE;NO SE;SI;;S;SI;SI;INTERNET;;;;;;;;;;;;;;;;;;;;;;;;;;;;;;;;;;;;;;;;;;;;;;;;;;;;;;;;;;;;;;;;;;;;;;;;;;;;;;;;;;;;;
248;6;15;F;3;SI;SI;SI;NO SE;NO SE;SI;NO SE;NO SE;NO SE;SI;NO;NO SE;NO SE;NO SE;NO SE;NO SE;;;SI;SI;NO SE;SI;;I;NO;SI;;;;1;14;1;14;;;;;1;14;;;;;;;;;1;13;;;;;;;;;;;;;;;;;;;1;PROB FAM;;1;1;;;1;;;;;1;;;;;;;;;;;;;1;;;;;;;;;;;;;;;SI;6;;;
249;6;15;F;3;SI;SI;SI;NO SE;NO SE;SI;NO SE;NO SE;NO SE;NO SE;SI;NO SE;NO SE;SI;NO SE;NO SE;;;SI;;;SI;;S;SI;SI;;;;1;14;1;14;;;;;1;13;;;;;;;;;1;14;;;;;;;;;;;;;;;;;;;1;;;;;;;1;;;;;;;;;;;;;;;;;;1;;;;;;;;;;;;;;;SI;6;;;
250;6;15;M;3;SI;SI;SI;NO SE;NO SE;NO;SI;SI;SI;SI;NO;SI;SI;SI;SI;SI;;;SI;SI;SI;SI;;S;SI;SI;;;;;;;;;;;;1;13;;;;;;;;;1;;;;;;;;;;;;;;;;;;;;;OTROS;;;;;;1;;;;;;;;;;;;;;;;;;1;;;;;;;;;;;;;;;SI;6;;;
251;6;15;F;3;SI;SI;SI;SI;SI;NO;SI;SI;NO;SI;NO;SI;NO SE;NO;SI;SI;;;SI;NO SE;SI;SI;DESARROLLO;S;SI;SI;;;;;;;;;;;;;;;;;;;;;;;;;;;;;;;;;;;;;;;;;;;;;;;;;;;;;;;;;;;;;;;;;;;;;;;;;;;;;;;;;;;;;;
252;6;15;F;3;SI;SI;SI;NO SE;NO SE;SI;SI;SI;SI;SI;NO SE;SI;NO SE;NO SE;NO SE;NO SE;;;SI;SI;SI;SI;;S;SI;SI;;;;;;;;;;;;1;14;;;;;;;;;;;;;;;;;;;;;;;;;;;;;1;;;;;;;1;;;;;;;;;;;;;;;;;;1;;;;;;;;;;;;;;;SI;6;;;
253;6;15;F;3;SI;SI;SI;NO SE;NO SE;NO;NO SE;NO SE;NO SE;NO SE;NO;NO SE;NO SE;NO SE;NO SE;NO SE;;;SI;NO SE;NO SE;SI;;S;SI;SI;;;;;;;;;;;;1;14;;;;;;;;;;;;;;;;;;;;;;;;;;;;;1;;;;;;;1;;;;;;;;;;;;;;;;;;1;;;;;;;;;;;;;;;SI;6;;;
254;6;15;F;3;SI;SI;SI;SI;SI;NO;SI;SI;NO;SI;NO;SI;SI;NO;NO SE;SI;;;SI;;SI;NO;;I;SI;SI;MEDIOS;;;;;;;;;;;1;14;;;;;;;;;1;15;;;;;;;;;;;;;;;;;;;1;;;;;;;1;;;;;1;;;;;;;;;;;;;1;;;;;;;;;;;;;;;SI;6;;;
255;6;15;M;3;SI;SI;SI;NO SE;NO SE;SI;SI;SI;SI;SI;NO;SI;NO;NO SE;NO;NO SE;;;SI;NO;NO;NO;;S;SI;NO;;;;;;;;;;;;1;14;;;;;;;;;1;13;;;;;;;;;;;;;;;;;;;1;;;;;;;1;;;;;1;;;;;;;;;;;;;1;;;;;;;;;;;;;;;SI;6;;;
256;6;15;M;3;SI;SI;SI;SI;SI;SI;;SI;;SI;NO;SI;NO;;;;;;SI;SI;SI;SI;;S;NO;SI;;;;;;;;;;;;1;14;;;;;;;;;;;;;;;;;;;;;;;;;;;;;1;;;;;;;1;;;;;;;;;;;;;;;;;;1;;;;;;;;;;;;;;;SI;6;;;
